File Name,Vulnerable,Has Addslashes,Has BindParam,Has Client Request,Has File Request,Has HTMLEntities,Has HTMLSpecialChars,LOC,Has Magicquotes,Has MySQLi,Has MySQLQuery,Has MySQLRealEscapeString,Has PDO,Has PregMatch,Has Prepare,Has SQL Query,Has String Concatenation,Has Trim
class-bulk-editor-list-table.php,0,0,0,1,0,0,0,990,0,0,0,0,0,0,1,1,1,0
class-wp-query.php,0,1,0,1,0,0,0,4109,0,0,0,0,0,1,1,1,1,1
db.php,0,0,0,0,0,0,0,1129,0,1,0,0,0,0,1,1,1,0
feedwordpresssyndicationpage.class.php,0,0,0,1,0,0,0,1261,0,0,0,0,0,0,0,1,1,1
formatting.php,0,1,0,0,0,1,1,2849,1,0,0,0,0,1,0,1,1,1
main.inc.php,0,0,0,1,1,1,0,1983,1,0,0,0,1,1,0,0,1,0
meta.php,0,0,0,0,0,0,0,1211,0,0,0,0,0,0,1,1,0,0
post.php,0,0,0,1,0,0,0,5935,0,0,0,0,0,1,1,1,1,1
query.php,0,1,0,0,0,0,0,2710,0,0,0,0,0,1,1,1,1,1
videogalleryrss.php,0,0,0,0,0,0,0,135,0,0,0,0,0,0,0,0,1,0
wikiwiki.theme.inc,0,0,0,1,0,0,0,126,0,0,0,0,0,0,0,1,1,1
wp-db.php,0,1,0,0,0,0,1,3270,0,1,1,1,0,1,1,1,1,1
wp-dbV2.php,0,1,0,0,0,0,1,3430,0,1,1,1,0,1,1,1,1,1
wp-users.php,0,0,0,1,0,0,0,656,0,0,0,0,1,0,1,1,1,0
CWE_89__backticks__func_preg_match-letters_numbers__join-concatenation_simple_quote.php,0,0,0,0,0,0,0,69,0,0,1,0,0,1,0,1,1,0
CWE_89__backticks__func_preg_match-letters_numbers__join-interpretation_simple_quote.php,0,0,0,0,0,0,0,69,0,0,1,0,0,1,0,1,1,0
CWE_89__backticks__func_preg_match-letters_numbers__join-sprintf_%s_simple_quote.php,0,0,0,0,0,0,0,69,0,0,1,0,0,1,0,1,1,0
CWE_89__backticks__func_preg_match-letters_numbers__select_from-concatenation_simple_quote.php,0,0,0,0,0,0,0,69,0,0,1,0,0,1,0,0,1,0
CWE_89__backticks__func_preg_match-letters_numbers__select_from-interpretation_simple_quote.php,0,0,0,0,0,0,0,69,0,0,1,0,0,1,0,0,1,0
CWE_89__backticks__func_preg_match-letters_numbers__select_from-sprintf_%s_simple_quote.php,0,0,0,0,0,0,0,69,0,0,1,0,0,1,0,0,1,0
CWE_89__backticks__func_preg_match-only_letters__join-concatenation_simple_quote.php,0,0,0,0,0,0,0,69,0,0,1,0,0,1,0,1,1,0
CWE_89__backticks__func_preg_match-only_letters__join-interpretation_simple_quote.php,0,0,0,0,0,0,0,69,0,0,1,0,0,1,0,1,1,0
CWE_89__backticks__func_preg_match-only_letters__join-sprintf_%s_simple_quote.php,0,0,0,0,0,0,0,69,0,0,1,0,0,1,0,1,1,0
CWE_89__backticks__func_preg_match-only_letters__select_from-concatenation_simple_quote.php,0,0,0,0,0,0,0,69,0,0,1,0,0,1,0,0,1,0
CWE_89__backticks__func_preg_match-only_letters__select_from-interpretation_simple_quote.php,0,0,0,0,0,0,0,69,0,0,1,0,0,1,0,0,1,0
CWE_89__backticks__func_preg_match-only_letters__select_from-sprintf_%s_simple_quote.php,0,0,0,0,0,0,0,69,0,0,1,0,0,1,0,0,1,0
CWE_89__backticks__func_preg_match-only_numbers__multiple_AS-concatenation.php,0,0,0,0,0,0,0,69,0,0,1,0,0,1,0,1,1,0
CWE_89__backticks__func_preg_match-only_numbers__multiple_AS-concatenation_simple_quote.php,0,0,0,0,0,0,0,69,0,0,1,0,0,1,0,1,1,0
CWE_89__backticks__func_preg_match-only_numbers__multiple_AS-interpretation.php,0,0,0,0,0,0,0,69,0,0,1,0,0,1,0,1,1,0
CWE_89__backticks__func_preg_match-only_numbers__multiple_AS-interpretation_simple_quote.php,0,0,0,0,0,0,0,69,0,0,1,0,0,1,0,1,1,0
CWE_89__backticks__func_preg_match-only_numbers__multiple_AS-sprintf_%d.php,0,0,0,0,0,0,0,69,0,0,1,0,0,1,0,1,1,0
CWE_89__backticks__func_preg_match-only_numbers__multiple_AS-sprintf_%d_simple_quote.php,0,0,0,0,0,0,0,69,0,0,1,0,0,1,0,1,1,0
CWE_89__backticks__func_preg_match-only_numbers__multiple_AS-sprintf_%s_simple_quote.php,0,0,0,0,0,0,0,69,0,0,1,0,0,1,0,1,1,0
CWE_89__backticks__func_preg_match-only_numbers__multiple_AS-sprintf_%u.php,0,0,0,0,0,0,0,69,0,0,1,0,0,1,0,1,1,0
CWE_89__backticks__func_preg_match-only_numbers__multiple_AS-sprintf_%u_simple_quote.php,0,0,0,0,0,0,0,69,0,0,1,0,0,1,0,1,1,0
CWE_89__backticks__func_preg_match-only_numbers__multiple_select-concatenation.php,0,0,0,0,0,0,0,69,0,0,1,0,0,1,0,1,1,0
CWE_89__backticks__func_preg_match-only_numbers__multiple_select-concatenation_simple_quote.php,0,0,0,0,0,0,0,69,0,0,1,0,0,1,0,1,1,0
CWE_89__backticks__func_preg_match-only_numbers__multiple_select-interpretation.php,0,0,0,0,0,0,0,69,0,0,1,0,0,1,0,1,1,0
CWE_89__backticks__func_preg_match-only_numbers__multiple_select-interpretation_simple_quote.php,0,0,0,0,0,0,0,69,0,0,1,0,0,1,0,1,1,0
CWE_89__backticks__func_preg_match-only_numbers__multiple_select-sprintf_%d.php,0,0,0,0,0,0,0,69,0,0,1,0,0,1,0,1,1,0
CWE_89__backticks__func_preg_match-only_numbers__multiple_select-sprintf_%d_simple_quote.php,0,0,0,0,0,0,0,69,0,0,1,0,0,1,0,1,1,0
CWE_89__backticks__func_preg_match-only_numbers__multiple_select-sprintf_%s_simple_quote.php,0,0,0,0,0,0,0,69,0,0,1,0,0,1,0,1,1,0
CWE_89__backticks__func_preg_match-only_numbers__multiple_select-sprintf_%u.php,0,0,0,0,0,0,0,69,0,0,1,0,0,1,0,1,1,0
CWE_89__backticks__func_preg_match-only_numbers__multiple_select-sprintf_%u_simple_quote.php,0,0,0,0,0,0,0,69,0,0,1,0,0,1,0,1,1,0
CWE_89__backticks__func_preg_match-only_numbers__select_from_where-concatenation.php,0,0,0,0,0,0,0,69,0,0,1,0,0,1,0,1,1,0
CWE_89__backticks__func_preg_match-only_numbers__select_from_where-concatenation_simple_quote.php,0,0,0,0,0,0,0,69,0,0,1,0,0,1,0,1,1,0
CWE_89__backticks__func_preg_match-only_numbers__select_from_where-interpretation.php,0,0,0,0,0,0,0,69,0,0,1,0,0,1,0,1,1,0
CWE_89__backticks__func_preg_match-only_numbers__select_from_where-interpretation_simple_quote.php,0,0,0,0,0,0,0,69,0,0,1,0,0,1,0,1,1,0
CWE_89__backticks__func_preg_match-only_numbers__select_from_where-sprintf_%d.php,0,0,0,0,0,0,0,69,0,0,1,0,0,1,0,1,1,0
CWE_89__backticks__func_preg_match-only_numbers__select_from_where-sprintf_%d_simple_quote.php,0,0,0,0,0,0,0,69,0,0,1,0,0,1,0,1,1,0
CWE_89__backticks__func_preg_match-only_numbers__select_from_where-sprintf_%s_simple_quote.php,0,0,0,0,0,0,0,69,0,0,1,0,0,1,0,1,1,0
CWE_89__backticks__func_preg_match-only_numbers__select_from_where-sprintf_%u.php,0,0,0,0,0,0,0,69,0,0,1,0,0,1,0,1,1,0
CWE_89__backticks__func_preg_match-only_numbers__select_from_where-sprintf_%u_simple_quote.php,0,0,0,0,0,0,0,69,0,0,1,0,0,1,0,1,1,0
addressbook.module,1,0,0,0,0,0,0,401,0,0,0,0,0,0,0,1,1,0
addressbook_csv_upload.inc,1,0,0,0,0,0,0,402,0,0,0,0,0,0,0,1,1,0
addressbook_family.inc,1,0,0,1,0,1,0,1001,0,0,0,0,0,0,0,1,1,0
addressbook_map.inc,1,0,0,1,0,0,0,147,0,0,0,0,0,0,0,1,1,0
addressbook_member.inc,1,0,0,1,0,1,0,907,0,0,0,0,0,0,0,1,1,0
addressbook_picture.inc,1,0,0,1,0,0,0,380,0,0,0,0,0,0,0,1,1,0
addressbook_utils.inc,1,0,0,0,0,0,0,546,0,0,0,0,0,0,0,1,1,1
admin.categories.php,1,0,0,0,0,0,0,997,0,0,0,0,1,0,0,1,1,0
admin.contact.php,1,0,0,0,0,0,0,505,0,0,0,0,0,0,0,1,1,0
admin.trash.php,1,0,0,0,0,0,0,395,0,0,0,0,0,0,0,1,1,0
aggregation.module,1,0,0,0,0,0,0,1497,0,0,0,0,0,0,0,1,1,1
application_top.php,1,0,0,0,0,0,0,124,0,0,0,0,0,1,0,0,1,0
archive.php,1,0,0,0,0,0,0,212,0,0,0,0,0,0,0,1,1,0
archive2010.php,1,0,0,0,0,0,0,212,0,0,0,0,0,0,0,1,1,0
banner.php,1,0,0,0,0,0,0,427,0,0,0,0,0,0,0,1,1,0
CalendarCommon.php,1,0,0,0,0,0,1,608,0,0,0,0,1,0,0,1,1,1
CalendarCommon2013.php,1,0,0,0,0,0,1,590,0,0,0,0,1,0,0,1,1,1
card.php,1,0,0,0,0,0,0,404,0,0,0,0,0,0,0,0,1,0
card_2018.php,1,0,0,1,0,0,0,2166,0,0,0,0,0,1,0,1,1,0
category.php,1,0,0,0,0,0,0,514,0,0,0,0,0,0,0,1,1,0
category2010.php,1,0,0,0,0,0,0,511,0,0,0,0,0,0,0,1,1,0
class-wp-xmlrpc-server.php,1,0,0,1,0,0,1,6949,0,0,0,0,0,1,1,1,1,1
class.tslib_pibase.php,1,0,0,0,0,0,1,1388,0,0,0,0,0,0,0,1,1,1
class.tx_indexedsearch_modfunc2.php,1,0,0,0,0,0,0,230,0,0,0,0,0,0,0,1,1,0
client.php,1,0,0,0,0,0,0,213,0,0,0,0,0,0,0,1,1,0
comment.php,1,1,0,1,1,0,0,1868,0,0,0,0,0,1,1,1,1,1
comments.php,1,0,0,1,0,0,0,267,0,0,0,0,0,0,0,0,1,0
company.php,1,0,0,1,0,0,0,97,0,0,0,0,0,0,0,0,1,0
Contact.php,1,0,0,0,0,0,0,1585,0,0,0,0,0,0,0,1,1,0
controller.php,1,0,0,0,0,0,0,1451,0,0,0,0,1,0,0,1,1,1
customerportal.php,1,1,0,0,0,0,0,3243,0,0,0,1,0,0,0,1,1,1
DAO.php,1,0,0,0,0,0,0,1731,0,0,0,0,0,1,0,1,1,1
database.inc,1,0,0,0,0,0,0,620,0,1,0,0,0,1,0,1,1,0
database2014a.inc,1,0,0,0,0,0,0,223,0,0,0,0,1,0,1,0,1,0
database2014b.inc,1,0,0,0,0,0,0,3042,0,0,0,0,1,0,1,1,1,0
database_sqlsrv.inc,1,0,0,0,0,0,0,593,0,0,0,0,1,1,1,1,1,0
database_tables.inc,1,0,0,0,0,0,0,162,0,0,0,0,1,0,0,1,1,0
DB_active_rec.php,1,0,0,0,0,0,0,2046,0,0,0,0,0,1,0,1,1,1
editcomments.php,1,0,0,1,0,0,0,115,0,0,1,0,0,0,0,1,0,0
element.php,1,0,0,0,0,0,0,156,0,0,0,0,0,0,0,1,1,0
fim_rss.php,1,0,0,1,0,0,0,4,0,0,0,0,0,0,0,1,0,0
fingeruser.php,1,0,0,1,0,0,0,54,0,0,0,0,0,0,0,0,0,0
getpage.php,1,0,0,1,0,0,0,8,0,0,0,0,0,0,0,1,0,0
history.php,1,0,0,0,0,0,0,317,0,0,0,0,0,0,0,1,1,0
indexBrewBlogger.php,1,0,0,0,0,0,0,474,0,0,1,0,0,0,0,1,1,0
kb.php,1,1,0,0,0,0,1,1325,0,0,0,0,0,0,0,1,1,1
list.php,1,0,0,0,0,0,0,706,0,0,0,0,0,0,0,1,1,0
list_dolibarr.php,1,0,0,0,0,0,0,1044,0,0,0,0,0,0,0,1,1,1
locale.inc,1,0,0,0,0,0,0,2664,0,0,0,0,0,1,0,1,1,1
Location.php,1,0,0,1,0,0,0,335,0,0,0,0,0,0,0,1,0,0
messu-mailbox.php,1,0,0,0,0,0,0,91,0,0,0,0,0,0,0,0,0,0
nlb_user.class.php,1,1,0,0,1,0,0,512,0,0,0,0,0,0,0,1,1,0
openid.pages.inc,1,0,0,0,0,0,0,98,0,0,0,0,0,0,0,1,1,0
ot_coupon.php,1,0,0,1,0,0,0,381,0,0,0,0,0,0,0,1,1,0
page_header.php,1,0,0,0,0,0,0,457,0,0,0,0,0,0,0,1,1,0
password_forgotten.php,1,0,0,1,0,0,0,94,0,0,0,0,0,0,0,1,1,0
paypal_functions.php,1,0,0,1,0,0,0,226,0,0,0,0,0,0,0,1,1,0
privmsg.php,1,1,0,0,0,0,0,2017,0,0,0,0,0,1,0,1,1,1
ProcessManager.php,1,1,0,0,0,0,1,748,0,0,0,0,0,0,0,1,1,1
PseudoConstant.php,1,0,0,0,0,0,0,2264,0,0,0,0,0,0,0,1,1,0
redirect.php,1,0,0,0,0,0,0,89,0,0,0,0,0,0,0,1,1,0
rpc.php,1,0,0,1,0,0,0,67,0,0,0,0,0,0,0,0,1,0
rpc_parent_post_id.php,1,0,0,1,0,0,0,615,0,0,0,0,0,0,0,0,1,0
Rule.php,1,0,0,0,0,0,0,607,0,0,0,0,0,1,0,0,1,1
Search.class.php,1,0,0,0,0,0,0,488,0,0,0,0,0,0,0,1,1,0
search.php,1,0,0,0,0,0,0,122,0,0,0,0,0,0,0,1,1,0
searchlib.php,1,1,0,0,0,0,0,717,0,0,0,0,0,0,0,1,1,1
search_wikidforum.php,1,0,0,1,0,0,0,202,0,0,0,0,0,0,0,0,1,1
section.php,1,0,0,0,0,0,0,562,0,0,0,0,0,0,0,1,1,0
section2010.php,1,0,0,0,0,0,0,560,0,0,0,0,0,0,0,1,1,0
self-2.php,1,0,0,1,0,0,0,86,1,0,0,0,1,0,0,1,1,0
settings.php,1,0,0,0,1,0,0,276,0,0,0,0,0,1,1,1,1,0
shopping_cart.php,1,1,0,1,0,0,1,1786,0,0,0,0,0,0,0,1,1,1
taxonomy.module,1,0,0,1,0,0,0,1388,0,0,0,0,0,1,0,1,1,1
taxonomy.php,1,0,0,0,0,0,0,2377,1,0,0,0,0,0,1,1,1,1
thunderbirdplugin.php,1,0,0,0,0,0,0,664,0,0,0,0,0,0,0,1,1,1
tiki-admingroups.php,1,1,0,1,0,0,0,157,0,0,0,0,0,0,0,0,0,0
tiki-adminusers.php,1,0,0,1,0,0,0,194,0,0,0,0,0,0,0,0,0,0
tiki-admin_banning.php,1,0,0,1,0,0,0,118,0,0,0,0,0,0,0,1,1,0
tiki-admin_categories.php,1,0,0,1,0,0,0,258,0,0,0,0,0,0,0,0,1,0
tiki-admin_charts.php,1,0,0,0,0,0,0,134,0,0,0,0,0,0,0,0,1,0
tiki-admin_chart_items.php,1,0,0,0,0,0,0,104,0,0,0,0,0,0,0,0,1,0
tiki-admin_chat.php,1,0,0,1,0,0,0,103,0,0,0,0,0,0,0,0,0,0
tiki-admin_content_templates.php,1,0,0,1,0,0,0,190,0,0,0,0,0,0,0,0,0,0
tiki-admin_cookies.php,1,0,0,1,0,0,0,129,0,0,0,0,0,0,0,0,0,0
tiki-admin_drawings.php,1,0,0,1,0,0,0,96,0,0,0,0,0,0,0,0,0,0
tiki-admin_dsn.php,1,0,0,1,0,0,0,105,0,0,0,0,0,0,0,0,0,0
tiki-admin_external_wikis.php,1,0,0,1,0,0,0,105,0,0,0,0,0,0,0,0,0,0
tiki-admin_forums.php,1,0,0,1,0,0,0,407,0,0,0,0,0,0,0,0,1,0
tiki-admin_hotwords.php,1,0,0,1,0,0,0,100,0,0,0,0,0,0,0,0,0,0
tiki-admin_html_pages.php,1,0,0,1,0,0,0,132,0,0,0,0,0,0,0,0,0,0
tiki-admin_html_page_content.php,1,0,0,0,0,0,0,119,0,0,0,0,0,0,0,0,0,0
tiki-admin_menus.php,1,0,0,1,0,0,0,102,0,0,0,0,0,0,0,0,0,0
tiki-admin_menu_options.php,1,0,0,1,0,0,0,116,0,0,0,0,0,0,0,0,0,0
tiki-admin_newsletters.php,1,0,0,1,0,0,0,157,0,0,0,0,0,0,0,0,1,0
tiki-admin_newsletter_subscriptions.php,1,0,0,1,0,0,0,143,0,0,0,0,0,0,0,0,0,0
tiki-admin_notifications.php,1,0,0,1,0,0,0,81,0,0,0,0,0,0,0,0,0,0
tiki-admin_polls.php,1,0,0,1,0,0,0,127,0,0,0,0,0,0,0,0,1,0
tiki-admin_poll_options.php,1,0,0,1,0,0,0,109,0,0,0,0,0,0,0,0,0,0
tiki-admin_quicktags.php,1,0,0,1,0,0,0,110,0,0,0,0,0,0,0,0,0,0
tiki-admin_rssmodules.php,1,0,0,1,0,0,0,117,0,0,0,0,0,0,0,0,0,0
tiki-admin_shoutbox_words.php,1,0,0,0,0,0,0,104,0,0,0,0,0,0,0,0,0,0
tiki-admin_structures.php,1,0,0,1,0,0,0,137,0,0,0,0,0,0,0,0,0,1
tiki-admin_surveys.php,1,0,0,1,0,0,0,169,0,0,0,0,0,0,0,0,1,0
tiki-admin_survey_questions.php,1,0,0,1,0,0,0,144,0,0,0,0,0,0,0,0,0,0
tiki-admin_trackers.php,1,0,0,1,0,0,0,154,0,0,0,0,0,0,0,0,0,0
tiki-admin_tracker_fields.php,1,0,0,1,0,0,0,137,0,0,0,0,0,0,0,0,0,0
tiki-assignpermission.php,1,0,0,1,0,0,0,137,0,0,0,0,0,0,0,0,0,0
tiki-assignuser.php,1,0,0,1,0,0,0,102,0,0,0,0,0,0,0,0,0,0
tiki-browse_categories.php,1,0,0,0,0,0,0,120,0,0,0,0,0,0,0,0,1,0
tiki-browse_gallery.php,1,0,0,1,0,0,0,257,0,0,0,0,0,0,0,0,0,0
tiki-browse_image.php,1,0,0,0,0,0,0,245,0,0,0,0,0,0,0,0,0,0
tiki-charts.php,1,0,0,0,0,0,0,48,0,0,0,0,0,0,0,0,0,0
tiki-directory_add_site.php,1,0,0,0,0,0,0,172,0,0,0,0,0,0,0,0,1,0
tiki-directory_admin_categories.php,1,0,0,1,0,0,0,123,0,0,0,0,0,0,0,0,1,0
tiki-directory_admin_related.php,1,0,0,1,0,0,0,98,0,0,0,0,0,0,0,0,0,0
tiki-directory_admin_sites.php,1,0,0,1,0,0,0,165,0,0,0,0,0,0,0,0,1,0
tiki-directory_browse.php,1,0,0,0,0,0,0,111,0,0,0,0,0,0,0,0,0,0
tiki-directory_ranking.php,1,0,0,0,0,0,0,50,0,0,0,0,0,0,0,0,0,0
tiki-directory_search.php,1,0,0,0,0,0,0,52,0,0,0,0,0,0,0,0,0,0
tiki-file_galleries.php,1,0,0,1,0,0,0,299,0,0,0,0,0,0,0,0,1,0
tiki-g-admin_processes.php,1,0,0,0,0,0,0,235,0,0,0,0,0,0,0,0,1,0
tiki-index.php,1,0,0,1,0,0,0,462,0,0,0,0,0,0,0,1,0,0
tiki-list_blogs.php,1,0,0,1,0,0,0,161,0,0,0,0,0,0,0,0,0,0
tiki-list_faqs.php,1,0,0,1,0,0,0,137,0,0,0,0,0,0,0,0,1,0
tiki-list_file_gallery.php,1,0,0,1,0,0,0,256,0,0,0,0,0,0,0,0,1,0
tiki-list_trackers.php,1,0,0,0,0,0,0,109,0,0,0,0,0,0,0,0,0,0
tiki-searchresults.php,1,0,0,0,0,0,0,230,0,0,0,0,0,0,0,0,1,0
tiki-usermenu.php,1,0,0,0,0,0,0,123,0,0,0,0,0,0,0,0,0,0
tiki-user_tasks.php,1,0,0,0,0,0,0,185,0,0,0,0,0,0,0,0,0,0
Type.php,1,0,0,0,0,1,0,332,0,0,0,0,0,1,0,0,0,1
user.module,1,0,0,1,0,0,0,2544,0,0,0,0,0,1,0,1,1,1
userlogin.jsp,1,0,0,0,0,0,0,90,0,0,0,0,0,0,0,1,0,0
version_list.php,1,0,0,1,0,0,0,25,0,0,0,0,0,0,0,0,0,0
viewpost.php,1,0,0,1,0,0,0,79,0,0,1,0,0,0,0,1,1,0
vtigerolservice.php,1,0,0,0,0,0,0,1434,0,0,0,0,0,0,0,1,1,1
weblinks.php,1,0,0,0,0,0,0,190,0,0,0,0,0,0,0,1,1,0
whos_online.php,1,0,0,0,0,0,0,105,0,0,0,0,0,0,0,1,1,0
wikiwiki.theme.inc,1,0,0,1,0,0,0,127,0,0,0,0,0,0,0,1,1,1
wp-blog-header.php,1,0,0,1,0,0,0,263,0,0,0,0,0,1,0,0,1,1
wp-config.php,1,0,0,0,0,0,0,10,0,0,0,0,0,0,0,0,0,0
wp-db.php,1,1,0,0,0,0,0,359,0,0,1,0,0,1,0,0,0,0
xmlrpc.php,1,1,0,0,0,0,0,1336,0,0,0,0,0,1,0,1,1,1
CWE_89__backticks__func_preg_match-no_filtering__select_from-concatenation_simple_quote.php,1,0,0,0,0,0,0,70,0,0,1,0,0,1,0,0,1,0
