"CVE-2008-5637","35997","CWE-89","http://securityreason.com/securityalert/4778","parsblogger"
"CVE-2008-5637","35997","CWE-89","http://www.securityfocus.com/bid/32488","parsblogger"
"CVE-2008-5637","35997","CWE-89","http://www.vupen.com/english/advisories/2008/3270","parsblogger"
"CVE-2008-5637","35997","CWE-89","https://www.exploit-db.com/exploits/7239","parsblogger"
"CVE-2008-6180","36529","CWE-89","http://secunia.com/advisories/32214","newlife_blogger"
"CVE-2008-6180","36529","CWE-89","http://www.pepelux.org/exploits/newlife-es.txt","newlife_blogger"
"CVE-2008-6180","36529","CWE-89","http://www.securityfocus.com/archive/1/497283/100/0/threaded","newlife_blogger"
"CVE-2008-6180","36529","CWE-89","http://www.securityfocus.com/bid/31728","newlife_blogger"
"CVE-2008-6180","36529","CWE-89","http://www.vupen.com/english/advisories/2008/2797","newlife_blogger"
"CVE-2008-6180","36529","CWE-89","https://exchange.xforce.ibmcloud.com/vulnerabilities/45820","newlife_blogger"
"CVE-2008-6180","36529","CWE-89","https://exchange.xforce.ibmcloud.com/vulnerabilities/45821","newlife_blogger"
"CVE-2008-6180","36529","CWE-89","https://www.exploit-db.com/exploits/6739","newlife_blogger"
"CVE-2008-6250","36599","CWE-89","http://e-rdc.org/v1/news.php?readmore=102","comdev_web_blogger"
"CVE-2008-6250","36599","CWE-89","http://secunia.com/advisories/31100","comdev_web_blogger"
"CVE-2008-6250","36599","CWE-89","http://www.securityfocus.com/archive/1/494412/100/0/threaded","comdev_web_blogger"
"CVE-2008-6250","36599","CWE-89","http://www.securityfocus.com/bid/30237","comdev_web_blogger"
"CVE-2008-6250","36599","CWE-89","https://exchange.xforce.ibmcloud.com/vulnerabilities/43776","comdev_web_blogger"
"CVE-2008-6250","36599","CWE-89","https://www.exploit-db.com/exploits/6079","comdev_web_blogger"
"CVE-2008-6911","37260","CWE-89","http://osvdb.org/46863","brewblogger"
"CVE-2008-6911","37260","CWE-89","http://secunia.com/advisories/30983","brewblogger"
"CVE-2008-6911","37260","CWE-89","http://www.securityfocus.com/bid/30133","brewblogger"
"CVE-2008-6911","37260","CWE-89","https://exchange.xforce.ibmcloud.com/vulnerabilities/43649","brewblogger"
"CVE-2008-6911","37260","CWE-89","https://www.exploit-db.com/exploits/6023","brewblogger"
"CVE-2009-0403","38047","CWE-89","http://www.vupen.com/english/advisories/2009/0267","chipmunk_blogger"
"CVE-2009-0403","38047","CWE-89","https://exchange.xforce.ibmcloud.com/vulnerabilities/48313","chipmunk_blogger"
"CVE-2009-0403","38047","CWE-89","https://www.exploit-db.com/exploits/7894","chipmunk_blogger"
"CVE-2009-5090","42564","CWE-89","http://www.exploit-db.com/exploits/8043","bloggeruniverse"
"CVE-2009-5090","42564","CWE-89","http://www.securityfocus.com/bid/33744","bloggeruniverse"
"CVE-2009-5090","42564","CWE-89","https://exchange.xforce.ibmcloud.com/vulnerabilities/48697","bloggeruniverse"
"CVE-2010-4876","47248","CWE-89","http://www.exploit-db.com/exploits/14849","mblogger"
"CVE-2010-4876","47248","CWE-89","http://www.vupen.com/english/advisories/2010/2265","mblogger"
