"CVE-2005-1487","13519","CWE-89","http://marc.info/?l=bugtraq&m=111530799109755&w=2","fishcart"
"CVE-2005-1487","13519","CWE-89","http://secunia.com/advisories/15232/","fishcart"
"CVE-2005-1487","13519","CWE-89","http://www.digitalparadox.org/advisories/fishc.txt","fishcart"
"CVE-2005-1487","13519","CWE-89","http://www.osvdb.org/16282","fishcart"
"CVE-2005-1487","13519","CWE-89","http://www.osvdb.org/16283","fishcart"
"CVE-2005-1487","13519","CWE-89","http://www.securityfocus.com/archive/1/457754/100/200/threaded","fishcart"
"CVE-2005-1487","13519","CWE-89","http://www.securityfocus.com/bid/13499","fishcart"
"CVE-2005-1487","13519","CWE-89","https://exchange.xforce.ibmcloud.com/vulnerabilities/20386","fishcart"
"CVE-2005-3996","15941","CWE-89","http://rgod.altervista.org/zencart_126d_xpl.html","zen_cart"
"CVE-2005-3996","15941","CWE-89","http://secunia.com/advisories/17869","zen_cart"
"CVE-2005-3996","15941","CWE-89","http://securitytracker.com/id?1015306","zen_cart"
"CVE-2005-3996","15941","CWE-89","http://www.osvdb.org/21411","zen_cart"
"CVE-2005-3996","15941","CWE-89","http://www.securityfocus.com/archive/1/418517/100/0/threaded","zen_cart"
"CVE-2005-3996","15941","CWE-89","http://www.securityfocus.com/archive/1/418995/100/0/threaded","zen_cart"
"CVE-2005-3996","15941","CWE-89","http://www.securityfocus.com/bid/15690","zen_cart"
"CVE-2005-3996","15941","CWE-89","http://www.vupen.com/english/advisories/2005/2728","zen_cart"
"CVE-2005-3996","15941","CWE-89","https://exchange.xforce.ibmcloud.com/vulnerabilities/23510","zen_cart"
"CVE-2005-4315","16250","CWE-89","http://pridels0.blogspot.com/2005/12/plexcart-x3-sql-inj-vuln.html","plexcart_x3"
"CVE-2005-4315","16250","CWE-89","http://secunia.com/advisories/18033","plexcart_x3"
"CVE-2005-4315","16250","CWE-89","http://www.osvdb.org/21712","plexcart_x3"
"CVE-2005-4315","16250","CWE-89","http://www.securityfocus.com/bid/15900","plexcart_x3"
"CVE-2005-4315","16250","CWE-89","http://www.vupen.com/english/advisories/2005/2924","plexcart_x3"
"CVE-2006-4214","20968","CWE-89","http://secunia.com/advisories/21484","zen_cart"
"CVE-2006-4214","20968","CWE-89","http://www.gulftech.org/?node=research&article_id=00109-08152006","zen_cart"
"CVE-2006-4214","20968","CWE-89","http://www.osvdb.org/28144","zen_cart"
"CVE-2006-4214","20968","CWE-89","http://www.osvdb.org/28145","zen_cart"
"CVE-2006-4214","20968","CWE-89","http://www.osvdb.org/28146","zen_cart"
"CVE-2006-4214","20968","CWE-89","http://www.osvdb.org/28147","zen_cart"
"CVE-2006-4214","20968","CWE-89","http://www.osvdb.org/28148","zen_cart"
"CVE-2006-4214","20968","CWE-89","http://www.securityfocus.com/bid/19542","zen_cart"
"CVE-2006-4214","20968","CWE-89","http://www.vupen.com/english/advisories/2006/3283","zen_cart"
"CVE-2006-4214","20968","CWE-89","http://www.zen-cart.com/forum/showthread.php?t=43579","zen_cart"
"CVE-2006-4214","20968","CWE-89","https://exchange.xforce.ibmcloud.com/vulnerabilities/28393","zen_cart"
"CVE-2006-5957","22677","CWE-89","http://secunia.com/advisories/22865","infinicart"
"CVE-2006-5957","22677","CWE-89","http://securityreason.com/securityalert/1881","infinicart"
"CVE-2006-5957","22677","CWE-89","http://www.attrition.org/pipermail/vim/2006-December/001162.html","infinicart"
"CVE-2006-5957","22677","CWE-89","http://www.securityfocus.com/archive/1/451322/100/0/threaded","infinicart"
"CVE-2006-5957","22677","CWE-89","http://www.securityfocus.com/bid/21043","infinicart"
"CVE-2006-5957","22677","CWE-89","http://www.vupen.com/english/advisories/2006/4501","infinicart"
"CVE-2006-6073","22793","CWE-89","http://aria-security.net/advisory/eShopping.txt","eshopping_cart"
"CVE-2006-6073","22793","CWE-89","http://marc.info/?l=bugtraq&m=116353137028066&w=2","eshopping_cart"
"CVE-2006-6073","22793","CWE-89","https://exchange.xforce.ibmcloud.com/vulnerabilities/30262","eshopping_cart"
"CVE-2007-2997","26899","CWE-89","http://osvdb.org/40145","shopping_cart"
"CVE-2007-2997","26899","CWE-89","http://securityreason.com/securityalert/2758","shopping_cart"
"CVE-2007-2997","26899","CWE-89","http://www.securityfocus.com/archive/1/469900/100/0/threaded","shopping_cart"
"CVE-2007-2997","26899","CWE-89","http://www.securityfocus.com/archive/1/471409/100/0/threaded","shopping_cart"
"CVE-2007-2997","26899","CWE-89","http://www.securityfocus.com/archive/1/471415/100/0/threaded","shopping_cart"
"CVE-2007-2997","26899","CWE-89","http://www.securityfocus.com/bid/24226","shopping_cart"
"CVE-2007-2997","26899","CWE-89","https://exchange.xforce.ibmcloud.com/vulnerabilities/34567","shopping_cart"
"CVE-2007-3447","27343","CWE-89","http://osvdb.org/38223","shopping_cart"
"CVE-2007-3447","27343","CWE-89","http://secunia.com/advisories/25836","shopping_cart"
"CVE-2007-3447","27343","CWE-89","http://www.h4cky0u.org/viewtopic.php?t=26834","shopping_cart"
"CVE-2007-3447","27343","CWE-89","http://www.securityfocus.com/bid/24629","shopping_cart"
"CVE-2007-3447","27343","CWE-89","http://www.vupen.com/english/advisories/2007/2322","shopping_cart"
"CVE-2007-3447","27343","CWE-89","https://exchange.xforce.ibmcloud.com/vulnerabilities/35039","shopping_cart"
"CVE-2007-3447","27343","CWE-89","https://www.exploit-db.com/exploits/4103","shopping_cart"
"CVE-2007-4597","28464","CWE-89","http://osvdb.org/38440","sunshop_shopping_cart"
"CVE-2007-4597","28464","CWE-89","http://www.securityfocus.com/bid/25445","sunshop_shopping_cart"
"CVE-2007-4597","28464","CWE-89","https://www.exploit-db.com/exploits/4313","sunshop_shopping_cart"
"CVE-2007-4604","28471","CWE-89","http://osvdb.org/38329","dl_paycart"
"CVE-2007-4604","28471","CWE-89","http://www.securityfocus.com/bid/25477","dl_paycart"
"CVE-2007-4604","28471","CWE-89","https://exchange.xforce.ibmcloud.com/vulnerabilities/36323","dl_paycart"
"CVE-2007-4604","28471","CWE-89","https://www.exploit-db.com/exploits/4331","dl_paycart"
"CVE-2007-4736","28600","CWE-89","http://osvdb.org/38422","ckgold_shopping_cart"
"CVE-2007-4736","28600","CWE-89","http://www.vupen.com/english/advisories/2007/3088","ckgold_shopping_cart"
"CVE-2007-4736","28600","CWE-89","https://exchange.xforce.ibmcloud.com/vulnerabilities/36419","ckgold_shopping_cart"
"CVE-2007-4736","28600","CWE-89","https://www.exploit-db.com/exploits/4349","ckgold_shopping_cart"
"CVE-2007-4762","28626","CWE-89","http://14house.blogspot.com/2007/09/e-smart-cart-sql-injection.html","e\-smart_cart"
"CVE-2007-4762","28626","CWE-89","http://osvdb.org/38419","e\-smart_cart"
"CVE-2007-4762","28626","CWE-89","http://www.securityfocus.com/archive/1/487055/100/200/threaded","e\-smart_cart"
"CVE-2007-4762","28626","CWE-89","http://www.securityfocus.com/bid/25532","e\-smart_cart"
"CVE-2007-4762","28626","CWE-89","http://www.securityfocus.com/bid/27452","e\-smart_cart"
"CVE-2007-4762","28626","CWE-89","https://exchange.xforce.ibmcloud.com/vulnerabilities/39988","e\-smart_cart"
"CVE-2007-5261","29085","CWE-89","http://www.securityfocus.com/bid/25895","multicart"
"CVE-2007-5261","29085","CWE-89","https://exchange.xforce.ibmcloud.com/vulnerabilities/36927","multicart"
"CVE-2007-5261","29085","CWE-89","https://www.exploit-db.com/exploits/4480","multicart"
"CVE-2008-0911","31394","CWE-89","http://secunia.com/advisories/29018","multicart"
"CVE-2008-0911","31394","CWE-89","http://www.securityfocus.com/bid/27916","multicart"
"CVE-2008-0911","31394","CWE-89","https://www.exploit-db.com/exploits/5166","multicart"
"CVE-2008-1750","32211","CWE-89","http://livecart.com/news/LiveCart-1-1-2-released.12","livecart"
"CVE-2008-1750","32211","CWE-89","http://seclists.org/bugtraq/2008/May/0021.html","livecart"
"CVE-2008-1750","32211","CWE-89","http://secunia.com/advisories/29765","livecart"
"CVE-2008-1750","32211","CWE-89","http://www.osvdb.org/44358","livecart"
"CVE-2008-1750","32211","CWE-89","http://www.securityfocus.com/bid/28723","livecart"
"CVE-2008-1750","32211","CWE-89","https://exchange.xforce.ibmcloud.com/vulnerabilities/41750","livecart"
"CVE-2008-1750","32211","CWE-89","https://www.exploit-db.com/exploits/5422","livecart"
"CVE-2008-1921","32379","CWE-89","http://forum.aria-security.com/showthread.php?p=76","5th_avenue_shopping_cart"
"CVE-2008-1921","32379","CWE-89","http://forum.aria-security.net/showthread.php?p=2233","5th_avenue_shopping_cart"
"CVE-2008-1921","32379","CWE-89","http://secunia.com/advisories/29887","5th_avenue_shopping_cart"
"CVE-2008-1921","32379","CWE-89","http://www.securityfocus.com/archive/1/491069/100/0/threaded","5th_avenue_shopping_cart"
"CVE-2008-1921","32379","CWE-89","http://www.securityfocus.com/bid/28841","5th_avenue_shopping_cart"
"CVE-2008-1921","32379","CWE-89","https://exchange.xforce.ibmcloud.com/vulnerabilities/41885","5th_avenue_shopping_cart"
"CVE-2008-1921","32379","CWE-89","https://www.exploit-db.com/exploits/5464","5th_avenue_shopping_cart"
"CVE-2008-2038","32495","CWE-89","http://secunia.com/advisories/29811","sunshop_shopping_cart"
"CVE-2008-2038","32495","CWE-89","http://www.securityfocus.com/bid/28832","sunshop_shopping_cart"
"CVE-2008-2038","32495","CWE-89","https://exchange.xforce.ibmcloud.com/vulnerabilities/41882","sunshop_shopping_cart"
"CVE-2008-2339","32784","CWE-89","http://secunia.com/advisories/30282","sunshop_shopping_cart"
"CVE-2008-2339","32784","CWE-89","http://securityreason.com/securityalert/3894","sunshop_shopping_cart"
"CVE-2008-2339","32784","CWE-89","http://www.securityfocus.com/archive/1/492120/100/0/threaded","sunshop_shopping_cart"
"CVE-2008-2339","32784","CWE-89","http://www.securityfocus.com/bid/29241","sunshop_shopping_cart"
"CVE-2008-2339","32784","CWE-89","https://exchange.xforce.ibmcloud.com/vulnerabilities/42467","sunshop_shopping_cart"
"CVE-2008-2411","32853","CWE-89","http://secunia.com/advisories/30148","sazcart"
"CVE-2008-2411","32853","CWE-89","http://securityreason.com/securityalert/3900","sazcart"
"CVE-2008-2411","32853","CWE-89","http://www.securityfocus.com/archive/1/491892/100/0/threaded","sazcart"
"CVE-2008-2411","32853","CWE-89","http://www.securityfocus.com/bid/29129","sazcart"
"CVE-2008-2411","32853","CWE-89","https://exchange.xforce.ibmcloud.com/vulnerabilities/42542","sazcart"
"CVE-2008-2411","32853","CWE-89","https://www.exploit-db.com/exploits/5576","sazcart"
"CVE-2008-2688","33113","CWE-89","http://secunia.com/advisories/30176","pilot_cart"
"CVE-2008-2688","33113","CWE-89","http://www.securityfocus.com/bid/29615","pilot_cart"
"CVE-2008-2688","33113","CWE-89","https://exchange.xforce.ibmcloud.com/vulnerabilities/42946","pilot_cart"
"CVE-2008-2688","33113","CWE-89","https://www.exploit-db.com/exploits/5765","pilot_cart"
"CVE-2008-2774","33195","CWE-89","http://secunia.com/advisories/30392","ckgold_shopping_cart"
"CVE-2008-2774","33195","CWE-89","http://www.vupen.com/english/advisories/2008/1677","ckgold_shopping_cart"
"CVE-2008-2774","33195","CWE-89","https://exchange.xforce.ibmcloud.com/vulnerabilities/42646","ckgold_shopping_cart"
"CVE-2008-2774","33195","CWE-89","https://www.exploit-db.com/exploits/5678","ckgold_shopping_cart"
"CVE-2008-2904","33325","CWE-89","http://secunia.com/advisories/30679","phpmycart"
"CVE-2008-2904","33325","CWE-89","http://www.securityfocus.com/bid/29726","phpmycart"
"CVE-2008-2904","33325","CWE-89","https://exchange.xforce.ibmcloud.com/vulnerabilities/43084","phpmycart"
"CVE-2008-2904","33325","CWE-89","https://www.exploit-db.com/exploits/5812","phpmycart"
"CVE-2008-2917","33338","CWE-89","http://secunia.com/advisories/30687","e\-smart_cart"
"CVE-2008-2917","33338","CWE-89","http://securityreason.com/securityalert/3964","e\-smart_cart"
"CVE-2008-2917","33338","CWE-89","http://www.securityfocus.com/archive/1/493372/100/0/threaded","e\-smart_cart"
"CVE-2008-2917","33338","CWE-89","http://www.securityfocus.com/bid/29712","e\-smart_cart"
"CVE-2008-2917","33338","CWE-89","http://www.securitytracker.com/id?1020296","e\-smart_cart"
"CVE-2008-2917","33338","CWE-89","http://www.spanish-hackers.com/vuln/joss-40.txt","e\-smart_cart"
"CVE-2008-2917","33338","CWE-89","https://exchange.xforce.ibmcloud.com/vulnerabilities/43088","e\-smart_cart"
"CVE-2008-2917","33338","CWE-89","https://www.exploit-db.com/exploits/5805","e\-smart_cart"
"CVE-2008-2918","33339","CWE-89","http://secunia.com/advisories/30677","cartweaver"
"CVE-2008-2918","33339","CWE-89","http://www.securityfocus.com/bid/29727","cartweaver"
"CVE-2008-2918","33339","CWE-89","https://exchange.xforce.ibmcloud.com/vulnerabilities/43099","cartweaver"
"CVE-2008-2918","33339","CWE-89","https://www.exploit-db.com/exploits/5815","cartweaver"
"CVE-2008-3346","33761","CWE-89","http://secunia.com/advisories/31156","shopcart_dx"
"CVE-2008-3346","33761","CWE-89","http://securityreason.com/securityalert/4045","shopcart_dx"
"CVE-2008-3346","33761","CWE-89","http://www.securityfocus.com/bid/30337","shopcart_dx"
"CVE-2008-3346","33761","CWE-89","http://www.vupen.com/english/advisories/2008/2161/references","shopcart_dx"
"CVE-2008-3346","33761","CWE-89","https://exchange.xforce.ibmcloud.com/vulnerabilities/43945","shopcart_dx"
"CVE-2008-3346","33761","CWE-89","https://www.exploit-db.com/exploits/6114","shopcart_dx"
"CVE-2008-3585","33998","CWE-89","http://securityreason.com/securityalert/4133","greencart_php_shopping_cart"
"CVE-2008-3585","33998","CWE-89","http://www.securityfocus.com/bid/30506","greencart_php_shopping_cart"
"CVE-2008-3585","33998","CWE-89","https://exchange.xforce.ibmcloud.com/vulnerabilities/44164","greencart_php_shopping_cart"
"CVE-2008-3585","33998","CWE-89","https://www.exploit-db.com/exploits/6189","greencart_php_shopping_cart"
"CVE-2008-3768","34176","CWE-89","http://demos.turnkeywebtools.com/ss4/docs/change_log.txt","sunshop_shopping_cart"
"CVE-2008-3768","34176","CWE-89","http://secunia.com/advisories/31539","sunshop_shopping_cart"
"CVE-2008-3768","34176","CWE-89","http://securityreason.com/securityalert/4180","sunshop_shopping_cart"
"CVE-2008-3768","34176","CWE-89","http://www.gulftech.org/?node=research&article_id=00125-08182008","sunshop_shopping_cart"
"CVE-2008-3768","34176","CWE-89","http://www.securityfocus.com/archive/1/495578/100/0/threaded","sunshop_shopping_cart"
"CVE-2008-3768","34176","CWE-89","http://www.securityfocus.com/bid/30751","sunshop_shopping_cart"
"CVE-2008-3768","34176","CWE-89","https://exchange.xforce.ibmcloud.com/vulnerabilities/44553","sunshop_shopping_cart"
"CVE-2008-3768","34176","CWE-89","https://www.exploit-db.com/exploits/6273","sunshop_shopping_cart"
"CVE-2008-3788","34196","CWE-89","http://packetstormsecurity.org/0808-exploits/photocart-sql.txt","picturespro_photo_cart"
"CVE-2008-3788","34196","CWE-89","http://securityreason.com/securityalert/4188","picturespro_photo_cart"
"CVE-2008-3788","34196","CWE-89","http://www.securityfocus.com/bid/30786","picturespro_photo_cart"
"CVE-2008-3788","34196","CWE-89","https://exchange.xforce.ibmcloud.com/vulnerabilities/44607","picturespro_photo_cart"
"CVE-2008-3788","34196","CWE-89","https://www.exploit-db.com/exploits/6285","picturespro_photo_cart"
"CVE-2008-4143","34547","CWE-89","http://packetstorm.linuxsecurity.com/0809-exploits/razorcommerce-sql.txt","shopping_cart"
"CVE-2008-4143","34547","CWE-89","http://secunia.com/advisories/31733","shopping_cart"
"CVE-2008-4143","34547","CWE-89","https://exchange.xforce.ibmcloud.com/vulnerabilities/45145","shopping_cart"
"CVE-2008-4467","34853","CWE-89","http://www.securityfocus.com/bid/31033","toner_cart"
"CVE-2008-4467","34853","CWE-89","https://exchange.xforce.ibmcloud.com/vulnerabilities/44955","toner_cart"
"CVE-2008-4467","34853","CWE-89","https://www.exploit-db.com/exploits/6374","toner_cart"
"CVE-2008-4744","35123","CWE-89","http://www.packetstormsecurity.org/0808-exploits/dxshopcart-sql.txt","dxshopcart"
"CVE-2008-4744","35123","CWE-89","http://www.securityfocus.com/bid/30772","dxshopcart"
"CVE-2008-4744","35123","CWE-89","https://exchange.xforce.ibmcloud.com/vulnerabilities/44582","dxshopcart"
"CVE-2008-4746","35125","CWE-89","http://secunia.com/advisories/31545","ecart_professional"
"CVE-2008-4746","35125","CWE-89","http://www.uniwin.com/eCart_revisions.asp","ecart_professional"
"CVE-2008-4746","35125","CWE-89","https://exchange.xforce.ibmcloud.com/vulnerabilities/44609","ecart_professional"
"CVE-2008-4886","35265","CWE-89","http://osvdb.org/49501","shopping_cart_script"
"CVE-2008-4886","35265","CWE-89","http://osvdb.org/49598","shopping_cart_script"
"CVE-2008-4886","35265","CWE-89","http://secunia.com/advisories/32492","shopping_cart_script"
"CVE-2008-4886","35265","CWE-89","http://securityreason.com/securityalert/4539","shopping_cart_script"
"CVE-2008-4886","35265","CWE-89","http://www.securityfocus.com/bid/32045","shopping_cart_script"
"CVE-2008-4886","35265","CWE-89","https://exchange.xforce.ibmcloud.com/vulnerabilities/46270","shopping_cart_script"
"CVE-2008-4886","35265","CWE-89","https://www.exploit-db.com/exploits/6952","shopping_cart_script"
"CVE-2008-5216","35590","CWE-89","http://securityreason.com/securityalert/4636","zeuscart"
"CVE-2008-5216","35590","CWE-89","http://www.securityfocus.com/bid/29155","zeuscart"
"CVE-2008-5216","35590","CWE-89","https://exchange.xforce.ibmcloud.com/vulnerabilities/42333","zeuscart"
"CVE-2008-5216","35590","CWE-89","https://www.exploit-db.com/exploits/5594","zeuscart"
"CVE-2008-5838","36187","CWE-89","http://secunia.com/advisories/31506","e\-shop_shopping_cart"
"CVE-2008-5838","36187","CWE-89","http://www.securityfocus.com/bid/30692","e\-shop_shopping_cart"
"CVE-2008-5838","36187","CWE-89","http://www.securityfocus.com/bid/31319","e\-shop_shopping_cart"
"CVE-2008-5838","36187","CWE-89","http://www.vupen.com/english/advisories/2008/2507","e\-shop_shopping_cart"
"CVE-2008-5838","36187","CWE-89","https://exchange.xforce.ibmcloud.com/vulnerabilities/44472","e\-shop_shopping_cart"
"CVE-2008-5838","36187","CWE-89","https://www.exploit-db.com/exploits/6398","e\-shop_shopping_cart"
"CVE-2008-6277","36626","CWE-89","http://packetstormsecurity.com/0811-exploits/rakhi-sqlxssfpd.txt","rakhisoftware_shopping_cart"
"CVE-2008-6277","36626","CWE-89","http://secunia.com/advisories/32897","rakhisoftware_shopping_cart"
"CVE-2008-6277","36626","CWE-89","http://www.osvdb.org/50313","rakhisoftware_shopping_cart"
"CVE-2008-6277","36626","CWE-89","https://exchange.xforce.ibmcloud.com/vulnerabilities/46920","rakhisoftware_shopping_cart"
"CVE-2008-6277","36626","CWE-89","https://www.exploit-db.com/exploits/7250","rakhisoftware_shopping_cart"
"CVE-2008-6394","36743","CWE-89","http://secunia.com/advisories/31686","cs\-cart"
"CVE-2008-6394","36743","CWE-89","http://www.gulftech.org/?node=research&article_id=00128-09022008","cs\-cart"
"CVE-2008-6394","36743","CWE-89","http://www.securityfocus.com/archive/1/495907/100/0/threaded","cs\-cart"
"CVE-2008-6394","36743","CWE-89","http://www.securityfocus.com/bid/30979","cs\-cart"
"CVE-2008-6394","36743","CWE-89","https://exchange.xforce.ibmcloud.com/vulnerabilities/44852","cs\-cart"
"CVE-2008-6394","36743","CWE-89","https://www.exploit-db.com/exploits/6352","cs\-cart"
"CVE-2008-6469","36818","CWE-89","http://osvdb.org/48436","plaincart"
"CVE-2008-6469","36818","CWE-89","http://secunia.com/advisories/31952","plaincart"
"CVE-2008-6469","36818","CWE-89","http://www.securityfocus.com/bid/31275","plaincart"
"CVE-2008-6469","36818","CWE-89","https://www.exploit-db.com/exploits/6503","plaincart"
"CVE-2008-6615","36964","CWE-89","http://downloads.securityfocus.com/vulnerabilities/exploits/29020.html","zen_cart"
"CVE-2008-6615","36964","CWE-89","http://www.securityfocus.com/bid/29020","zen_cart"
"CVE-2008-6615","36964","CWE-89","https://exchange.xforce.ibmcloud.com/vulnerabilities/42161","zen_cart"
"CVE-2008-6985","37334","CWE-89","http://secunia.com/advisories/31758","zen_cart"
"CVE-2008-6985","37334","CWE-89","http://www.gulftech.org/?node=research&article_id=00129-09042008","zen_cart"
"CVE-2008-6985","37334","CWE-89","http://www.osvdb.org/48346","zen_cart"
"CVE-2008-6985","37334","CWE-89","http://www.securityfocus.com/archive/1/496002/100/0/threaded","zen_cart"
"CVE-2008-6985","37334","CWE-89","http://www.securityfocus.com/archive/1/496032/100/100/threaded","zen_cart"
"CVE-2008-6985","37334","CWE-89","http://www.securityfocus.com/bid/31023","zen_cart"
"CVE-2008-6985","37334","CWE-89","http://www.zen-cart.com/forum/showthread.php?p=604473","zen_cart"
"CVE-2008-6985","37334","CWE-89","https://exchange.xforce.ibmcloud.com/vulnerabilities/44917","zen_cart"
"CVE-2008-6986","37335","CWE-89","http://secunia.com/advisories/31758","zen_cart"
"CVE-2008-6986","37335","CWE-89","http://www.gulftech.org/?node=research&article_id=00129-09042008","zen_cart"
"CVE-2008-6986","37335","CWE-89","http://www.osvdb.org/48347","zen_cart"
"CVE-2008-6986","37335","CWE-89","http://www.securityfocus.com/archive/1/496002/100/0/threaded","zen_cart"
"CVE-2008-6986","37335","CWE-89","http://www.securityfocus.com/archive/1/496032/100/100/threaded","zen_cart"
"CVE-2008-6986","37335","CWE-89","http://www.securityfocus.com/bid/31023","zen_cart"
"CVE-2008-6986","37335","CWE-89","http://www.zen-cart.com/forum/showthread.php?p=604473","zen_cart"
"CVE-2009-0381","38025","CWE-89","http://secunia.com/advisories/33612","ecommerce_shopping_cart"
"CVE-2009-0381","38025","CWE-89","http://www.securityfocus.com/bid/33380","ecommerce_shopping_cart"
"CVE-2009-0381","38025","CWE-89","https://exchange.xforce.ibmcloud.com/vulnerabilities/48141","ecommerce_shopping_cart"
"CVE-2009-0381","38025","CWE-89","https://www.exploit-db.com/exploits/7840","ecommerce_shopping_cart"
"CVE-2009-0462","38106","CWE-89","http://osvdb.org/51718","clickcart"
"CVE-2009-0462","38106","CWE-89","http://secunia.com/advisories/33774","clickcart"
"CVE-2009-0462","38106","CWE-89","http://www.securityfocus.com/bid/33575","clickcart"
"CVE-2009-0462","38106","CWE-89","https://www.exploit-db.com/exploits/7953","clickcart"
"CVE-2009-0832","38461","CWE-89","http://www.securityfocus.com/archive/1/499835/100/0/threaded","e\-cart"
"CVE-2009-0832","38461","CWE-89","http://www.securityfocus.com/bid/33155","e\-cart"
"CVE-2009-0832","38461","CWE-89","https://www.exploit-db.com/exploits/7698","e\-cart"
"CVE-2009-1027","38651","CWE-89","http://secunia.com/advisories/34313","opencart"
"CVE-2009-1027","38651","CWE-89","http://www.ngenuity.org/wordpress/2009/03/10/ngenuity-2009-005-opencart-order-by-blind-sql-injection/","opencart"
"CVE-2009-1027","38651","CWE-89","http://www.securityfocus.com/archive/1/501843/100/0/threaded","opencart"
"CVE-2009-1027","38651","CWE-89","http://www.securityfocus.com/bid/34121","opencart"
"CVE-2009-1027","38651","CWE-89","https://exchange.xforce.ibmcloud.com/vulnerabilities/49262","opencart"
"CVE-2009-2254","39830","CWE-89","http://secunia.com/advisories/35550","zen_cart"
"CVE-2009-2254","39830","CWE-89","http://www.exploit-db.com/exploits/9005","zen_cart"
"CVE-2009-2254","39830","CWE-89","http://www.osvdb.org/55343","zen_cart"
"CVE-2009-2254","39830","CWE-89","http://www.securityfocus.com/bid/35468","zen_cart"
"CVE-2009-2254","39830","CWE-89","http://www.zen-cart.com/forum/attachment.php?attachmentid=5965","zen_cart"
"CVE-2009-2254","39830","CWE-89","http://www.zen-cart.com/forum/showthread.php?t=130161","zen_cart"
"CVE-2009-2254","39830","CWE-89","https://exchange.xforce.ibmcloud.com/vulnerabilities/51317","zen_cart"
"CVE-2009-2579","40150","CWE-89","http://secunia.com/advisories/36112","cs\-cart"
"CVE-2009-2579","40150","CWE-89","http://www.bonsai-sec.com/research/vulnerabilities/cs-cart_SQL-injection-0100.txt","cs\-cart"
"CVE-2009-2579","40150","CWE-89","http://www.cs-cart.com/changelog206.html","cs\-cart"
"CVE-2009-2579","40150","CWE-89","http://www.securityfocus.com/archive/1/505492/100/0/threaded","cs\-cart"
"CVE-2009-2579","40150","CWE-89","http://www.securityfocus.com/bid/35936","cs\-cart"
"CVE-2009-3215","40763","CWE-89","http://secunia.com/advisories/36009","ixxo_cart"
"CVE-2009-3215","40763","CWE-89","http://www.davidsopas.com/2009/07/25/ixxo-cart-standalone-and-joomla-component-sql-injection/","ixxo_cart"
"CVE-2009-3215","40763","CWE-89","http://www.exploit-db.com/exploits/9276","ixxo_cart"
"CVE-2009-3215","40763","CWE-89","http://www.securityfocus.com/archive/1/505266/100/0/threaded","ixxo_cart"
"CVE-2009-3215","40763","CWE-89","http://www.securityfocus.com/bid/35810","ixxo_cart"
"CVE-2009-4060","41580","CWE-89","http://forums.cubecart.com/index.php?showtopic=39900","cubecart"
"CVE-2009-4060","41580","CWE-89","http://osvdb.org/60306","cubecart"
"CVE-2009-4060","41580","CWE-89","http://secunia.com/advisories/37402","cubecart"
"CVE-2009-4060","41580","CWE-89","http://www.securityfocus.com/bid/37065","cubecart"
"CVE-2009-4060","41580","CWE-89","http://www.vupen.com/english/advisories/2009/3290","cubecart"
"CVE-2009-4060","41580","CWE-89","https://exchange.xforce.ibmcloud.com/vulnerabilities/54331","cubecart"
"CVE-2009-4689","42179","CWE-89","http://packetstormsecurity.org/0907-exploits/scsc-sqlxss.txt","php_shopping_cart_selling_website_script"
"CVE-2009-4689","42179","CWE-89","http://secunia.com/advisories/35894","php_shopping_cart_selling_website_script"
"CVE-2009-4689","42179","CWE-89","http://www.vupen.com/english/advisories/2009/1977","php_shopping_cart_selling_website_script"
"CVE-2009-4891","42381","CWE-89","http://www.exploit-db.com/exploits/8184","cs\-cart"
"CVE-2009-4891","42381","CWE-89","http://www.securityfocus.com/bid/34048","cs\-cart"
"CVE-2009-4891","42381","CWE-89","https://exchange.xforce.ibmcloud.com/vulnerabilities/49154","cs\-cart"
"CVE-2009-4940","42428","CWE-89","http://www.exploit-db.com/exploits/8829","zeuscart"
"CVE-2009-5088","42562","CWE-89","http://www.exploit-db.com/exploits/8049","ideacart"
"CVE-2009-5088","42562","CWE-89","http://www.securityfocus.com/bid/33765","ideacart"
"CVE-2009-5088","42562","CWE-89","https://exchange.xforce.ibmcloud.com/vulnerabilities/48730","ideacart"
"CVE-2010-0724","43315","CWE-89","http://packetstormsecurity.org/1002-exploits/arabcart-sqlxss.txt","arab_cart"
"CVE-2010-0724","43315","CWE-89","http://www.exploit-db.com/exploits/11524","arab_cart"
"CVE-2010-0724","43315","CWE-89","http://www.securityfocus.com/bid/38426","arab_cart"
"CVE-2010-0724","43315","CWE-89","http://www.vupen.com/english/advisories/2010/0443","arab_cart"
"CVE-2010-0956","43540","CWE-89","http://packetstormsecurity.org/1003-exploits/opencart-sql.txt","opencart"
"CVE-2010-0956","43540","CWE-89","http://www.securityfocus.com/bid/38605","opencart"
"CVE-2010-1588","44158","CWE-89","http://archives.neohapsis.com/archives/fulldisclosure/2010-01/0400.html","vp\-asp_shopping_cart"
"CVE-2010-1588","44158","CWE-89","http://osvdb.org/61890","vp\-asp_shopping_cart"
"CVE-2010-1588","44158","CWE-89","http://secunia.com/advisories/38283","vp\-asp_shopping_cart"
"CVE-2010-1588","44158","CWE-89","https://exchange.xforce.ibmcloud.com/vulnerabilities/55821","vp\-asp_shopping_cart"
"CVE-2010-1876","44432","CWE-89","http://packetstormsecurity.org/1004-exploits/ajshoppingcart-sql.txt","aj_shopping_cart"
"CVE-2010-1876","44432","CWE-89","http://secunia.com/advisories/39551","aj_shopping_cart"
"CVE-2010-1876","44432","CWE-89","http://www.exploit-db.com/exploits/12349","aj_shopping_cart"
"CVE-2010-1876","44432","CWE-89","https://exchange.xforce.ibmcloud.com/vulnerabilities/58049","aj_shopping_cart"
"CVE-2010-1931","44487","CWE-89","http://forums.cubecart.com/index.php?showtopic=41469","cubecart"
"CVE-2010-1931","44487","CWE-89","http://osvdb.org/65250","cubecart"
"CVE-2010-1931","44487","CWE-89","http://secunia.com/advisories/40102","cubecart"
"CVE-2010-1931","44487","CWE-89","http://www.coresecurity.com/content/cubecart-php-shopping-cart-sql-injection","cubecart"
"CVE-2010-1931","44487","CWE-89","http://www.securityfocus.com/archive/1/511735/100/0/threaded","cubecart"
"CVE-2010-1931","44487","CWE-89","http://www.securityfocus.com/bid/40641","cubecart"
"CVE-2010-1931","44487","CWE-89","https://exchange.xforce.ibmcloud.com/vulnerabilities/59245","cubecart"
"CVE-2010-2051","44606","CWE-89","http://packetstormsecurity.org/1005-exploits/dbcart-sql.txt","dbcart"
"CVE-2010-2051","44606","CWE-89","http://secunia.com/advisories/39867","dbcart"
"CVE-2010-2051","44606","CWE-89","http://www.exploit-db.com/exploits/12661","dbcart"
"CVE-2010-4147","46557","CWE-89","http://holisticinfosec.org/content/view/159/45/","avactis_shopping_cart"
"CVE-2010-4147","46557","CWE-89","http://secunia.com/advisories/41764","avactis_shopping_cart"
"CVE-2010-4147","46557","CWE-89","http://www.avactis.com/forums/index.php?showtopic=5317","avactis_shopping_cart"
"CVE-2010-4147","46557","CWE-89","http://www.osvdb.org/68646","avactis_shopping_cart"
"CVE-2010-4147","46557","CWE-89","http://www.osvdb.org/68647","avactis_shopping_cart"
"CVE-2010-4147","46557","CWE-89","http://www.securityfocus.com/bid/44104","avactis_shopping_cart"
"CVE-2010-4147","46557","CWE-89","https://exchange.xforce.ibmcloud.com/vulnerabilities/62559","avactis_shopping_cart"
"CVE-2010-4632","47016","CWE-89","http://advisories.ariko-security.com/november/audyt_bezpieczenstwa_745.html","pilot_cart"
"CVE-2010-4632","47016","CWE-89","http://marc.info/?l=full-disclosure&m=128913521908405&w=2","pilot_cart"
"CVE-2010-4632","47016","CWE-89","http://packetstormsecurity.org/1011-exploits/aspilotpilotcart-sqlxssinject.txt","pilot_cart"
"CVE-2010-4632","47016","CWE-89","http://secunia.com/advisories/30176","pilot_cart"
"CVE-2010-4632","47016","CWE-89","http://www.exploit-db.com/exploits/15448","pilot_cart"
"CVE-2010-4632","47016","CWE-89","http://www.securityfocus.com/bid/44698","pilot_cart"
"CVE-2010-4872","47244","CWE-89","http://packetstormsecurity.org/files/view/95777/aspilotpilotcart-sql.txt","pilot_cart"
"CVE-2010-4872","47244","CWE-89","http://securityreason.com/securityalert/8428","pilot_cart"
"CVE-2010-4872","47244","CWE-89","http://www.exploit-db.com/exploits/15497","pilot_cart"
"CVE-2010-4872","47244","CWE-89","https://exchange.xforce.ibmcloud.com/vulnerabilities/63217","pilot_cart"
"CVE-2010-4903","47275","CWE-89","http://secunia.com/advisories/41352","cubecart"
"CVE-2010-4903","47275","CWE-89","http://securityreason.com/securityalert/8441","cubecart"
"CVE-2010-4903","47275","CWE-89","http://www.acunetix.com/blog/web-security-zone/articles/sql-injection-xss-cubecart-4-3-3/","cubecart"
"CVE-2010-4903","47275","CWE-89","http://www.securityfocus.com/archive/1/513572/100/0/threaded","cubecart"
"CVE-2010-4903","47275","CWE-89","http://www.securityfocus.com/bid/43114","cubecart"
"CVE-2011-5198","52188","CWE-89","http://osvdb.org/78068","ecommerce_shopping_cart"
"CVE-2011-5198","52188","CWE-89","http://packetstormsecurity.org/files/view/108231/neturf-xss.txt","ecommerce_shopping_cart"
"CVE-2011-5198","52188","CWE-89","http://secunia.com/advisories/47354","ecommerce_shopping_cart"
"CVE-2011-5198","52188","CWE-89","https://exchange.xforce.ibmcloud.com/vulnerabilities/72037","ecommerce_shopping_cart"
"CVE-2014-1618","65403","CWE-89","http://osvdb.org/101859","shopping_cart_script"
"CVE-2014-1618","65403","CWE-89","http://osvdb.org/101899","shopping_cart_script"
"CVE-2014-1618","65403","CWE-89","http://osvdb.org/101900","shopping_cart_script"
"CVE-2014-1618","65403","CWE-89","http://packetstormsecurity.com/files/124723/uaepdshopping-sql.txt","shopping_cart_script"
"CVE-2014-1618","65403","CWE-89","http://secunia.com/advisories/56351","shopping_cart_script"
"CVE-2014-1618","65403","CWE-89","http://www.iphobos.com/blog/2014/01/04/uaepd-script-multiple-sql-injection-vulnerabilty","shopping_cart_script"
"CVE-2014-1618","65403","CWE-89","http://www.securityfocus.com/bid/64734","shopping_cart_script"
"CVE-2014-1618","65403","CWE-89","https://exchange.xforce.ibmcloud.com/vulnerabilities/90214","shopping_cart_script"
"CVE-2014-3978","67354","CWE-89","http://packetstormsecurity.com/files/127785/TomatoCart-1.x-Cross-Site-Scripting-SQL-Injection.html","tomatocart"
"CVE-2014-3978","67354","CWE-89","https://breaking.technology/advisories/CVE-2014-3978.txt","tomatocart"
"CVE-2014-8306","71135","CWE-89","http://seclists.org/fulldisclosure/2014/Sep/55","cart_engine"
"CVE-2014-8306","71135","CWE-89","http://www.quantumleap.it/cart-engine-3-0-multiple-vulnerabilities-sql-injection-reflected-xss-open-redirect","cart_engine"
"CVE-2014-9305","71909","CWE-89","http://osvdb.org/show/osvdb/115286","cart66_lite"
"CVE-2014-9305","71909","CWE-89","http://packetstormsecurity.com/files/129395/Cart66-Lite-WordPress-Ecommerce-1.5.1.17-SQL-Injection.html","cart66_lite"
"CVE-2014-9305","71909","CWE-89","http://security.szurek.pl/cart66-lite-wordpress-ecommerce-15117-blind-sql-injection.html","cart66_lite"
"CVE-2014-9305","71909","CWE-89","http://www.exploit-db.com/exploits/35459","cart66_lite"
"CVE-2014-9305","71909","CWE-89","https://wordpress.org/plugins/cart66-lite/changelog/","cart66_lite"
"CVE-2014-9442","72023","CWE-89","http://secunia.com/advisories/61942","cart66_lite"
"CVE-2014-9442","72023","CWE-89","https://plugins.trac.wordpress.org/changeset/1052064/cart66-lite","cart66_lite"
"CVE-2014-9442","72023","CWE-89","https://research.g0blin.co.uk/g0blin-00022/","cart66_lite"
"CVE-2014-9442","72023","CWE-89","https://wordpress.org/plugins/cart66-lite/changelog/","cart66_lite"
"CVE-2015-2183","74471","CWE-89","http://packetstormsecurity.com/files/130487/Zeuscart-4-Cross-Site-Scripting-SQL-Injection.html","zeuscart"
"CVE-2015-2183","74471","CWE-89","http://seclists.org/fulldisclosure/2015/Feb/89","zeuscart"
"CVE-2015-2183","74471","CWE-89","http://seclists.org/oss-sec/2015/q1/649","zeuscart"
"CVE-2015-2183","74471","CWE-89","http://seclists.org/oss-sec/2015/q1/727","zeuscart"
"CVE-2015-2183","74471","CWE-89","http://sroesemann.blogspot.de/2015/01/sroeadv-2015-12.html","zeuscart"
"CVE-2015-2183","74471","CWE-89","http://www.exploit-db.com/exploits/36159","zeuscart"
"CVE-2015-2183","74471","CWE-89","http://www.securityfocus.com/bid/72761","zeuscart"
"CVE-2015-2183","74471","CWE-89","https://github.com/ZeusCart/zeuscart/issues/28","zeuscart"
"CVE-2015-5148","76864","CWE-89","https://www.exploit-db.com/exploits/37325/","livelycart"
"CVE-2015-5504","77181","CWE-89","http://www.openwall.com/lists/oss-security/2015/07/04/4","novalnet_payment_module_ubercart\-"
"CVE-2015-5504","77181","CWE-89","http://www.securityfocus.com/bid/75039","novalnet_payment_module_ubercart\-"
"CVE-2015-5504","77181","CWE-89","http://www.securityfocus.com/bid/75040","novalnet_payment_module_ubercart\-"
"CVE-2015-5504","77181","CWE-89","https://www.drupal.org/node/2499787","novalnet_payment_module_ubercart\-"
"CVE-2015-7791","79240","CWE-89","http://jvn.jp/en/jp/JVN43344629/index.html","welcart"
"CVE-2015-7791","79240","CWE-89","http://jvndb.jvn.jp/jvndb/JVNDB-2015-000200","welcart"
"CVE-2015-7791","79240","CWE-89","http://www.securityfocus.com/bid/79647","welcart"
"CVE-2015-7791","79240","CWE-89","http://www.welcart.com/community/archives/76035","welcart"
"CVE-2015-7791","79240","CWE-89","https://wpvulndb.com/vulnerabilities/8356","welcart"
"CVE-2015-9226","80469","CWE-89","http://packetstormsecurity.com/files/134362/AlegroCart-1.2.8-SQL-Injection.html","alegrocart"
"CVE-2015-9226","80469","CWE-89","http://seclists.org/fulldisclosure/2015/Nov/68","alegrocart"
"CVE-2015-9226","80469","CWE-89","https://blog.curesec.com/article/blog/AlegroCart-128-SQL-Injection-104.html","alegrocart"
"CVE-2015-9226","80469","CWE-89","https://www.exploit-db.com/exploits/38727/","alegrocart"
"CVE-2016-10114","81707","CWE-89","http://www.securityfocus.com/bid/95293","aweb_cart_watching_system_for_virtuemart"
"CVE-2016-10114","81707","CWE-89","https://github.com/qemm/joomlasqli","aweb_cart_watching_system_for_virtuemart"
"CVE-2016-10114","81707","CWE-89","https://vel.joomla.org/resolved/1897-aweb-cart-watching-system-2-6-0","aweb_cart_watching_system_for_virtuemart"
"CVE-2016-10114","81707","CWE-89","https://www.exploit-db.com/exploits/40973/","aweb_cart_watching_system_for_virtuemart"
"CVE-2016-10509","82104","CWE-89","https://github.com/opencart/opencart/commit/b95044da6ac608e7239f7949ff21d3b65be68f82","opencart"
"CVE-2016-10509","82104","CWE-89","https://github.com/opencart/opencart/issues/4114","opencart"
"CVE-2016-4905","85918","CWE-89","http://jvndb.jvn.jp/en/contents/2016/JVNDB-2016-000210.html","olivecart"
"CVE-2016-4905","85918","CWE-89","http://www.securityfocus.com/bid/93790","olivecart"
"CVE-2016-4905","85918","CWE-89","http://www.wp-olivecart.com/news/20160925.html","olivecart"
"CVE-2016-4905","85918","CWE-89","https://jvn.jp/en/jp/JVN14567604/index.html","olivecart"
"CVE-2016-4905","85918","CWE-89","http://jvndb.jvn.jp/en/contents/2016/JVNDB-2016-000210.html","olivecartpro"
"CVE-2016-4905","85918","CWE-89","http://www.securityfocus.com/bid/93790","olivecartpro"
"CVE-2016-4905","85918","CWE-89","http://www.wp-olivecart.com/news/20160925.html","olivecartpro"
"CVE-2016-4905","85918","CWE-89","https://jvn.jp/en/jp/JVN14567604/index.html","olivecartpro"
"CVE-2018-19468","112550","CWE-89","http://www.iwantacve.cn/index.php/archives/83/","hucart"
