"CVE-2007-5836","29644","CWE-89","http://www.securityfocus.com/bid/26282","afcommerce"
"CVE-2007-5836","29644","CWE-89","https://exchange.xforce.ibmcloud.com/vulnerabilities/38345","afcommerce"
"CVE-2007-6292","30046","CWE-89","http://secunia.com/advisories/27956","e\-commerce"
"CVE-2007-6292","30046","CWE-89","http://www.securityfocus.com/bid/26746","e\-commerce"
"CVE-2007-6292","30046","CWE-89","https://exchange.xforce.ibmcloud.com/vulnerabilities/38905","e\-commerce"
"CVE-2007-6292","30046","CWE-89","https://www.exploit-db.com/exploits/4697","e\-commerce"
"CVE-2007-6458","30212","CWE-89","http://osvdb.org/43706","e\-commerce\-suite"
"CVE-2007-6458","30212","CWE-89","http://www.securityfocus.com/bid/26890","e\-commerce\-suite"
"CVE-2007-6458","30212","CWE-89","https://www.exploit-db.com/exploits/4733","e\-commerce\-suite"
"CVE-2008-0281","30777","CWE-89","http://lists.grok.org.uk/pipermail/full-disclosure/2008-January/059533.html","id\-commerce"
"CVE-2008-0281","30777","CWE-89","http://lists.grok.org.uk/pipermail/full-disclosure/2008-January/059537.html","id\-commerce"
"CVE-2008-0281","30777","CWE-89","http://lists.grok.org.uk/pipermail/full-disclosure/2008-January/059538.html","id\-commerce"
"CVE-2008-0281","30777","CWE-89","http://www.securityfocus.com/bid/27220","id\-commerce"
"CVE-2008-0281","30777","CWE-89","https://exchange.xforce.ibmcloud.com/vulnerabilities/39594","id\-commerce"
"CVE-2008-0719","31203","CWE-89","http://secunia.com/advisories/28831","oscommerce"
"CVE-2008-0719","31203","CWE-89","http://www.securityfocus.com/bid/27664","oscommerce"
"CVE-2008-0719","31203","CWE-89","https://www.exploit-db.com/exploits/5075","oscommerce"
"CVE-2008-1907","32365","CWE-89","http://bugreport.ir/index.php?/34","cpcommerce"
"CVE-2008-1907","32365","CWE-89","http://secunia.com/advisories/29807","cpcommerce"
"CVE-2008-1907","32365","CWE-89","http://www.securityfocus.com/bid/28755","cpcommerce"
"CVE-2008-1907","32365","CWE-89","https://exchange.xforce.ibmcloud.com/vulnerabilities/41781","cpcommerce"
"CVE-2008-1907","32365","CWE-89","https://www.exploit-db.com/exploits/5437","cpcommerce"
"CVE-2008-4599","34978","CWE-89","http://secunia.com/advisories/32309","mosaic_commerce"
"CVE-2008-4599","34978","CWE-89","http://securityreason.com/securityalert/4430","mosaic_commerce"
"CVE-2008-4599","34978","CWE-89","http://www.securityfocus.com/bid/31782","mosaic_commerce"
"CVE-2008-4599","34978","CWE-89","https://exchange.xforce.ibmcloud.com/vulnerabilities/45926","mosaic_commerce"
"CVE-2008-4599","34978","CWE-89","https://www.exploit-db.com/exploits/6763","mosaic_commerce"
"CVE-2008-5223","35597","CWE-89","http://secunia.com/advisories/30440","commerce"
"CVE-2008-5223","35597","CWE-89","http://securityreason.com/securityalert/4637","commerce"
"CVE-2008-5223","35597","CWE-89","http://www.securityfocus.com/bid/29423","commerce"
"CVE-2008-5223","35597","CWE-89","https://exchange.xforce.ibmcloud.com/vulnerabilities/42734","commerce"
"CVE-2008-5223","35597","CWE-89","https://www.exploit-db.com/exploits/5689","commerce"
"CVE-2008-5609","35976","CWE-89","http://typo3.org/extensions/repository/view/commerce/0.9.7/","commerce_extension"
"CVE-2008-5609","35976","CWE-89","http://typo3.org/teams/security/security-bulletins/typo3-20081020-2/","commerce_extension"
"CVE-2008-5609","35976","CWE-89","http://www.vupen.com/english/advisories/2008/2870","commerce_extension"
"CVE-2008-6304","36653","CWE-89","http://secunia.com/advisories/32830","xt\:commerce"
"CVE-2008-6304","36653","CWE-89","http://www.securityfocus.com/bid/32398","xt\:commerce"
"CVE-2008-6304","36653","CWE-89","http://www.xt-commerce.com/blog/xtcommerce-news/sicherheitspatch-fuer-version-304-sp21.html","xt\:commerce"
"CVE-2008-6304","36653","CWE-89","https://exchange.xforce.ibmcloud.com/vulnerabilities/46757","xt\:commerce"
"CVE-2009-0381","38025","CWE-89","http://secunia.com/advisories/33612","ecommerce_shopping_cart"
"CVE-2009-0381","38025","CWE-89","http://www.securityfocus.com/bid/33380","ecommerce_shopping_cart"
"CVE-2009-0381","38025","CWE-89","https://exchange.xforce.ibmcloud.com/vulnerabilities/48141","ecommerce_shopping_cart"
"CVE-2009-0381","38025","CWE-89","https://www.exploit-db.com/exploits/7840","ecommerce_shopping_cart"
"CVE-2009-1345","38949","CWE-89","http://www.securityfocus.com/bid/34556","cpcommerce"
"CVE-2009-1345","38949","CWE-89","http://www.securitytracker.com/id?1022082","cpcommerce"
"CVE-2009-1345","38949","CWE-89","https://exchange.xforce.ibmcloud.com/vulnerabilities/49901","cpcommerce"
"CVE-2009-1345","38949","CWE-89","https://www.exploit-db.com/exploits/8455","cpcommerce"
"CVE-2009-4925","42413","CWE-89","http://secunia.com/advisories/34809","creasito_e\-commerce_content_manager"
"CVE-2009-4925","42413","CWE-89","http://www.exploit-db.com/exploits/8497","creasito_e\-commerce_content_manager"
"CVE-2009-4925","42413","CWE-89","http://www.securityfocus.com/archive/1/502818/100/0/threaded","creasito_e\-commerce_content_manager"
"CVE-2009-4925","42413","CWE-89","http://www.securityfocus.com/bid/34605","creasito_e\-commerce_content_manager"
"CVE-2010-2635","45152","CWE-89","http://www-01.ibm.com/support/docview.wss?uid=swg1IZ73130","websphere_commerce"
"CVE-2010-2635","45152","CWE-89","https://exchange.xforce.ibmcloud.com/vulnerabilities/62951","websphere_commerce"
"CVE-2010-4954","47326","CWE-89","http://packetstormsecurity.org/1009-exploits/xtcommercegambio-sql.txt","xt\:commerce_gambio_2008"
"CVE-2010-4954","47326","CWE-89","http://securityreason.com/securityalert/8466","xt\:commerce_gambio_2008"
"CVE-2010-4954","47326","CWE-89","http://www.exploit-db.com/exploits/15039","xt\:commerce_gambio_2008"
"CVE-2010-4954","47326","CWE-89","https://exchange.xforce.ibmcloud.com/vulnerabilities/61899","xt\:commerce_gambio_2008"
"CVE-2011-5198","52188","CWE-89","http://osvdb.org/78068","ecommerce_shopping_cart"
"CVE-2011-5198","52188","CWE-89","http://packetstormsecurity.org/files/view/108231/neturf-xss.txt","ecommerce_shopping_cart"
"CVE-2011-5198","52188","CWE-89","http://secunia.com/advisories/47354","ecommerce_shopping_cart"
"CVE-2011-5198","52188","CWE-89","https://exchange.xforce.ibmcloud.com/vulnerabilities/72037","ecommerce_shopping_cart"
"CVE-2012-5310","56826","CWE-89","http://secunia.com/advisories/47627","wp_e\-commerce"
"CVE-2012-5310","56826","CWE-89","http://wordpress.org/extend/plugins/wp-e-commerce/changelog/","wp_e\-commerce"
"CVE-2012-5310","56826","CWE-89","http://www.securityfocus.com/bid/51637","wp_e\-commerce"
"CVE-2012-5310","56826","CWE-89","https://exchange.xforce.ibmcloud.com/vulnerabilities/72622","wp_e\-commerce"
"CVE-2013-4681","61805","CWE-89","http://secunia.com/advisories/53280","sofortueberweisung2commerce"
"CVE-2013-4681","61805","CWE-89","http://typo3.org/extensions/repository/view/sofortueberweisung2commerce","sofortueberweisung2commerce"
"CVE-2013-4681","61805","CWE-89","http://typo3.org/teams/security/security-bulletins/typo3-extensions/typo3-ext-sa-2013-002/","sofortueberweisung2commerce"
"CVE-2013-4681","61805","CWE-89","https://exchange.xforce.ibmcloud.com/vulnerabilities/81585","sofortueberweisung2commerce"
"CVE-2014-10017","64989","CWE-89","http://packetstormsecurity.com/files/125513","e\-commerce"
"CVE-2014-10017","64989","CWE-89","http://www.securityfocus.com/bid/65954","e\-commerce"
"CVE-2014-10017","64989","CWE-89","https://exchange.xforce.ibmcloud.com/vulnerabilities/91542","e\-commerce"
"CVE-2014-5104","68277","CWE-89","http://packetstormsecurity.com/files/127521/OL-Commerce-2.1.1-Cross-Site-Scripting-SQL-Injection.html","ol\-commerce"
"CVE-2014-5104","68277","CWE-89","http://www.securityfocus.com/bid/68719","ol\-commerce"
"CVE-2015-1476","73859","CWE-89","http://osvdb.org/show/osvdb/117569","ecommercemajor"
"CVE-2015-1476","73859","CWE-89","http://osvdb.org/show/osvdb/117570","ecommercemajor"
"CVE-2015-1476","73859","CWE-89","http://packetstormsecurity.com/files/130073/ecommerceMajor-SQL-Injection.html","ecommercemajor"
"CVE-2015-1476","73859","CWE-89","http://www.exploit-db.com/exploits/35878","ecommercemajor"
"CVE-2015-2562","74800","CWE-89","http://packetstormsecurity.com/files/130896/Joomla-ECommerce-WD-1.2.5-SQL-Injection.html","ecommerce_wd"
"CVE-2015-2562","74800","CWE-89","http://seclists.org/fulldisclosure/2015/Mar/123","ecommerce_wd"
"CVE-2015-2562","74800","CWE-89","http://www.securityfocus.com/bid/73285","ecommerce_wd"
"CVE-2015-2562","74800","CWE-89","https://www.exploit-db.com/exploits/36439/","ecommerce_wd"
"CVE-2016-3694","84767","CWE-89","http://packetstormsecurity.com/files/136734/modified-eCommerce-2.0.0.0-Rev-9678-SQL-Injection.html","ecommerce_shopsoftware"
"CVE-2016-3694","84767","CWE-89","https://www.exploit-db.com/exploits/39710/","ecommerce_shopsoftware"
"CVE-2017-17610","97673","CWE-89","https://packetstormsecurity.com/files/145305/E-commerce-MLM-Software-1.0-SQL-Injection.html","e\-commerce_mlm_software"
"CVE-2017-17610","97673","CWE-89","https://www.exploit-db.com/exploits/43277/","e\-commerce_mlm_software"
"CVE-2017-17624","97688","CWE-89","https://packetstormsecurity.com/files/145336/PHP-Multivendor-Ecommerce-1.0-SQL-Injection.html","php_multivendor_ecommerce"
"CVE-2017-17624","97688","CWE-89","https://www.exploit-db.com/exploits/43293/","php_multivendor_ecommerce"
"CVE-2017-17629","97693","CWE-89","https://packetstormsecurity.com/files/145327/Secure-E-commerce-Script-2.0.1-SQL-Injection.html","secure_e\-commerce_script"
"CVE-2017-17629","97693","CWE-89","https://www.exploit-db.com/exploits/43287/","secure_e\-commerce_script"
"CVE-2017-17951","97984","CWE-89","https://github.com/d4wner/Vulnerabilities-Report/blob/master/PHP%20Multivendor%20Ecommerce.md","php_multivendor_ecommerce"
"CVE-2017-17957","97990","CWE-89","https://github.com/d4wner/Vulnerabilities-Report/blob/master/PHP%20Multivendor%20Ecommerce.md","php_multivendor_ecommerce"
"CVE-2017-17959","97992","CWE-89","https://github.com/d4wner/Vulnerabilities-Report/blob/master/PHP%20Multivendor%20Ecommerce.md","php_multivendor_ecommerce"
