"CVE-2006-0510","17329","CWE-89","http://secunia.com/advisories/18685","daffodil_crm"
"CVE-2006-0510","17329","CWE-89","http://www.osvdb.org/22879","daffodil_crm"
"CVE-2006-0510","17329","CWE-89","http://www.securityfocus.com/archive/1/423718/100/0/threaded","daffodil_crm"
"CVE-2006-0510","17329","CWE-89","http://www.securityfocus.com/bid/16433","daffodil_crm"
"CVE-2006-0510","17329","CWE-89","http://www.vupen.com/english/advisories/2006/0412","daffodil_crm"
"CVE-2006-0510","17329","CWE-89","https://exchange.xforce.ibmcloud.com/vulnerabilities/24450","daffodil_crm"
"CVE-2008-3948","34354","CWE-89","http://securityreason.com/securityalert/4229","xrms_crm"
"CVE-2008-3948","34354","CWE-89","http://www.securityfocus.com/archive/1/495981/100/0/threaded","xrms_crm"
"CVE-2008-3948","34354","CWE-89","http://www.securityfocus.com/bid/31008","xrms_crm"
"CVE-2008-3948","34354","CWE-89","https://exchange.xforce.ibmcloud.com/vulnerabilities/45048","xrms_crm"
"CVE-2009-2978","40527","CWE-89","http://jvn.jp/en/jp/JVN31035930/index.html","sugarcrm"
"CVE-2009-2978","40527","CWE-89","http://jvndb.jvn.jp/en/contents/2009/JVNDB-2009-000056.html","sugarcrm"
"CVE-2009-2978","40527","CWE-89","http://secunia.com/advisories/36423","sugarcrm"
"CVE-2009-2978","40527","CWE-89","http://www.ipa.go.jp/security/vuln/documents/2009/200908_sugarcrm.html","sugarcrm"
"CVE-2009-2978","40527","CWE-89","http://www.securityfocus.com/bid/36118","sugarcrm"
"CVE-2009-2978","40527","CWE-89","http://www.sugarcrm.com/forums/showthread.php?t=50907","sugarcrm"
"CVE-2009-2978","40527","CWE-89","http://www.sugarcrm.com/forums/showthread.php?t=50953","sugarcrm"
"CVE-2009-2978","40527","CWE-89","https://exchange.xforce.ibmcloud.com/vulnerabilities/52679","sugarcrm"
"CVE-2009-3480","41026","CWE-89","http://osvdb.org/58381","icrm_basic"
"CVE-2009-3480","41026","CWE-89","http://secunia.com/advisories/36892","icrm_basic"
"CVE-2009-3480","41026","CWE-89","http://www.securityfocus.com/bid/36533","icrm_basic"
"CVE-2009-3480","41026","CWE-89","https://exchange.xforce.ibmcloud.com/vulnerabilities/53493","icrm_basic"
"CVE-2011-4559","51636","CWE-89","http://osvdb.org/76138","vtiger_crm"
"CVE-2011-4559","51636","CWE-89","http://seclists.org/fulldisclosure/2011/Oct/224","vtiger_crm"
"CVE-2011-4559","51636","CWE-89","http://www.securityfocus.com/archive/1/520006/100/0/threaded","vtiger_crm"
"CVE-2011-4559","51636","CWE-89","http://www.securityfocus.com/bid/49948","vtiger_crm"
"CVE-2011-4559","51636","CWE-89","http://yehg.net/lab/pr0js/advisories/%5BvTiger_5.2.1%5D_blind_sqlin","vtiger_crm"
"CVE-2011-4559","51636","CWE-89","https://exchange.xforce.ibmcloud.com/vulnerabilities/70344","vtiger_crm"
"CVE-2011-4833","51869","CWE-89","http://secunia.com/advisories/47011","sugarcrm"
"CVE-2011-4833","51869","CWE-89","http://securitytracker.com/id?1026369","sugarcrm"
"CVE-2011-4833","51869","CWE-89","http://www.osvdb.org/77459","sugarcrm"
"CVE-2011-4833","51869","CWE-89","http://www.securityfocus.com/archive/1/520685/100/0/threaded","sugarcrm"
"CVE-2011-4833","51869","CWE-89","http://www.sugarcrm.com/crm/support/bugs.html#issue_47800","sugarcrm"
"CVE-2011-4833","51869","CWE-89","http://www.sugarcrm.com/crm/support/bugs.html#issue_47805","sugarcrm"
"CVE-2011-4833","51869","CWE-89","http://www.sugarcrm.com/crm/support/bugs.html#issue_47806","sugarcrm"
"CVE-2011-4833","51869","CWE-89","http://www.sugarcrm.com/crm/support/bugs.html#issue_47839","sugarcrm"
"CVE-2011-4833","51869","CWE-89","https://exchange.xforce.ibmcloud.com/vulnerabilities/71586","sugarcrm"
"CVE-2011-4833","51869","CWE-89","https://www.htbridge.ch/advisory/sql_injection_in_sugarcrm.html","sugarcrm"
"CVE-2011-5213","52203","CWE-89","http://osvdb.org/77733","browsercrm"
"CVE-2011-5213","52203","CWE-89","http://osvdb.org/77734","browsercrm"
"CVE-2011-5213","52203","CWE-89","http://osvdb.org/77735","browsercrm"
"CVE-2011-5213","52203","CWE-89","http://secunia.com/advisories/47217","browsercrm"
"CVE-2011-5213","52203","CWE-89","https://exchange.xforce.ibmcloud.com/vulnerabilities/71828","browsercrm"
"CVE-2011-5213","52203","CWE-89","https://www.htbridge.ch/advisory/multiple_vulnerabilities_in_browser_crm.html","browsercrm"
"CVE-2013-3213","60598","CWE-89","http://archives.neohapsis.com/archives/bugtraq/2013-08/0001.html","vtiger_crm"
"CVE-2013-3213","60598","CWE-89","http://karmainsecurity.com/KIS-2013-06","vtiger_crm"
"CVE-2013-3213","60598","CWE-89","http://www.securityfocus.com/bid/61563","vtiger_crm"
"CVE-2013-3213","60598","CWE-89","https://exchange.xforce.ibmcloud.com/vulnerabilities/86129","vtiger_crm"
"CVE-2013-3213","60598","CWE-89","https://www.vtiger.com/blogs/?p=1467","vtiger_crm"
"CVE-2013-4662","61791","CWE-89","http://issues.civicrm.org/jira/browse/CRM-12765","civicrm"
"CVE-2013-4662","61791","CWE-89","https://civicrm.org/advisory/civi-sa-2013-004-limited-sql-injection-quick-search-api","civicrm"
"CVE-2013-5091","62132","CWE-89","http://archives.neohapsis.com/archives/bugtraq/2013-09/0079.html","vtiger_crm"
"CVE-2013-5091","62132","CWE-89","http://osvdb.org/76138","vtiger_crm"
"CVE-2013-5091","62132","CWE-89","http://sourceforge.net/projects/vtigercrm/files/vtiger%20CRM%205.4.0/Core%20Product/","vtiger_crm"
"CVE-2013-5091","62132","CWE-89","http://www.exploit-db.com/exploits/28409","vtiger_crm"
"CVE-2013-5091","62132","CWE-89","https://www.htbridge.com/advisory/HTB23168","vtiger_crm"
"CVE-2013-5957","62798","CWE-89","https://civicrm.org/advisory/civi-sa-2013-009-sql-injection-vulnerability","civicrm"
"CVE-2013-5957","62798","CWE-89","https://github.com/civicrm/civicrm-core/pull/1708.diff","civicrm"
"CVE-2013-5957","62798","CWE-89","https://www.navixia.com/blog/entry/navixia-finds-critical-vulnerability-in-civicrm-cve-2013-5957.html","civicrm"
"CVE-2013-5957","62798","CWE-89","https://www.navixia.com/company/navixia-news/395-navixia-finds-critical-vulnerability-in-civicrm.html","civicrm"
"CVE-2013-7225","63813","CWE-89","http://openwall.com/lists/oss-security/2013/12/28/2","fat_free_crm"
"CVE-2013-7225","63813","CWE-89","http://seclists.org/fulldisclosure/2013/Dec/199","fat_free_crm"
"CVE-2013-7225","63813","CWE-89","http://www.phenoelit.org/stuff/ffcrm.txt","fat_free_crm"
"CVE-2013-7225","63813","CWE-89","https://github.com/fatfreecrm/fat_free_crm/commit/078035f1ef73ed85285ac9d128c3c5f670cef066","fat_free_crm"
"CVE-2013-7225","63813","CWE-89","https://github.com/fatfreecrm/fat_free_crm/commit/d4b2de81a4d8c1b201482edcb2488ed9280a65fd","fat_free_crm"
"CVE-2013-7225","63813","CWE-89","https://github.com/fatfreecrm/fat_free_crm/issues/300","fat_free_crm"
"CVE-2013-7225","63813","CWE-89","https://github.com/fatfreecrm/fat_free_crm/wiki/Fixing-security-vulnerabilities-%2827th-Dec-2013%29","fat_free_crm"
"CVE-2014-5520","68570","CWE-89","http://packetstormsecurity.com/files/128030/XRMS-Blind-SQL-Injection-Command-Execution.html","xrms_crm"
"CVE-2014-5520","68570","CWE-89","http://seclists.org/fulldisclosure/2014/Aug/78","xrms_crm"
"CVE-2014-5520","68570","CWE-89","http://www.exploit-db.com/exploits/34452","xrms_crm"
"CVE-2014-5520","68570","CWE-89","http://www.openwall.com/lists/oss-security/2014/08/27/4","xrms_crm"
"CVE-2014-5520","68570","CWE-89","http://www.openwall.com/lists/oss-security/2014/08/29/1","xrms_crm"
"CVE-2014-5520","68570","CWE-89","http://www.securityfocus.com/bid/69446","xrms_crm"
"CVE-2014-5521","68571","CWE-89","http://packetstormsecurity.com/files/128030/XRMS-Blind-SQL-Injection-Command-Execution.html","xrms_crm"
"CVE-2014-5521","68571","CWE-89","http://seclists.org/fulldisclosure/2014/Aug/78","xrms_crm"
"CVE-2014-5521","68571","CWE-89","http://www.exploit-db.com/exploits/34452","xrms_crm"
"CVE-2014-5521","68571","CWE-89","http://www.openwall.com/lists/oss-security/2014/08/27/4","xrms_crm"
"CVE-2014-5521","68571","CWE-89","http://www.openwall.com/lists/oss-security/2014/08/29/1","xrms_crm"
"CVE-2017-14508","95167","CWE-89","https://blog.ripstech.com/2017/sugarcrm-security-diet-multiple-vulnerabilities/","sugarcrm"
"CVE-2017-14508","95167","CWE-89","https://support.sugarcrm.com/Resources/Security/sugarcrm-sa-2017-006/","sugarcrm"
"CVE-2017-14508","95167","CWE-89","https://www.synology.com/support/security/Synology_SA_17_53_SugarCRM","sugarcrm"
"CVE-2017-18260","98253","CWE-89","https://www.wizlynxgroup.com/security-research-advisories/vuln/WLX-2017-010","dolibarr_erp\/crm"
"CVE-2017-5218","101454","CWE-89","http://research.aurainfosec.io/disclosures/sagecrm-CVE-2017-5219-CVE-2017-5218/","sagecrm"
"CVE-2017-5218","101454","CWE-89","http://www.securityfocus.com/bid/95968","sagecrm"
"CVE-2017-9839","105284","CWE-89","https://www.wizlynxgroup.com/security-research-advisories/vuln/WLX-2017-010","dolibarr_erp\/crm"
"CVE-2018-13448","109219","CWE-89","https://github.com/Dolibarr/dolibarr/commit/36402c22eef49d60edd73a2f312f8e28fe0bd1cb","dolibarr_erp\/crm"
"CVE-2018-13449","109220","CWE-89","https://github.com/Dolibarr/dolibarr/commit/36402c22eef49d60edd73a2f312f8e28fe0bd1cb","dolibarr_erp\/crm"
"CVE-2018-13450","109222","CWE-89","https://github.com/Dolibarr/dolibarr/commit/36402c22eef49d60edd73a2f312f8e28fe0bd1cb","dolibarr_erp\/crm"
"CVE-2018-16353","110981","CWE-89","https://github.com/focalhot/FHCRM/issues/3","fhcrm"
"CVE-2018-16354","110982","CWE-89","https://github.com/focalhot/FHCRM/issues/4","fhcrm"
"CVE-2018-5985","115172","CWE-89","https://www.exploit-db.com/exploits/43860/","livecrm_saas_cloud"
"CVE-2018-6308","115352","CWE-89","http://www.defensecode.com/advisories/DC-2018-01-011_SugarCRM_Community_Edition_Advisory.pdf","sugarcrm"
