CVE-2007-6299,30053,CWE-89,http://drupal.org/node/198162,drupal
CVE-2007-6299,30053,CWE-89,http://secunia.com/advisories/27932,drupal
CVE-2007-6299,30053,CWE-89,http://secunia.com/advisories/27951,drupal
CVE-2007-6299,30053,CWE-89,http://secunia.com/advisories/27973,drupal
CVE-2007-6299,30053,CWE-89,http://sourceforge.net/project/shownotes.php?release_id=559532,drupal
CVE-2007-6299,30053,CWE-89,http://sourceforge.net/project/shownotes.php?release_id=559538,drupal
CVE-2007-6299,30053,CWE-89,http://www.securityfocus.com/bid/26735,drupal
CVE-2007-6299,30053,CWE-89,https://exchange.xforce.ibmcloud.com/vulnerabilities/38884,drupal
CVE-2007-6299,30053,CWE-89,https://exchange.xforce.ibmcloud.com/vulnerabilities/38886,drupal
CVE-2007-6299,30053,CWE-89,https://www.redhat.com/archives/fedora-package-announce/2007-December/msg00190.html,drupal
CVE-2007-6299,30053,CWE-89,https://www.redhat.com/archives/fedora-package-announce/2007-December/msg00258.html,drupal
CVE-2008-2999,33420,CWE-89,http://drupal.org/node/269479,drupal
CVE-2008-2999,33420,CWE-89,http://secunia.com/advisories/30618,drupal
CVE-2008-2999,33420,CWE-89,http://www.securityfocus.com/bid/29677,drupal
CVE-2008-2999,33420,CWE-89,https://exchange.xforce.ibmcloud.com/vulnerabilities/43010,drupal
CVE-2008-3223,33640,CWE-89,http://drupal.org/node/280571,drupal
CVE-2008-3223,33640,CWE-89,http://secunia.com/advisories/31079,drupal
CVE-2008-3223,33640,CWE-89,http://www.openwall.com/lists/oss-security/2008/07/10/3,drupal
CVE-2008-3223,33640,CWE-89,http://www.securityfocus.com/bid/30168,drupal
CVE-2008-3223,33640,CWE-89,https://bugzilla.redhat.com/show_bug.cgi?id=454849,drupal
CVE-2008-3223,33640,CWE-89,https://exchange.xforce.ibmcloud.com/vulnerabilities/43705,drupal
CVE-2008-3223,33640,CWE-89,https://www.redhat.com/archives/fedora-package-announce/2008-August/msg00016.html,drupal
CVE-2008-3223,33640,CWE-89,https://www.redhat.com/archives/fedora-package-announce/2008-July/msg00527.html,drupal
CVE-2008-3223,33640,CWE-89,https://www.redhat.com/archives/fedora-package-announce/2008-July/msg00551.html,drupal
CVE-2012-2306,54319,CWE-89,http://drupal.org/node/1557868,drupal
CVE-2012-2306,54319,CWE-89,http://www.openwall.com/lists/oss-security/2012/05/03/1,drupal
CVE-2012-2306,54319,CWE-89,http://www.openwall.com/lists/oss-security/2012/05/03/2,drupal
CVE-2014-3704,67139,CWE-89,http://osvdb.org/show/osvdb/113371,drupal_core
CVE-2014-3704,67139,CWE-89,http://packetstormsecurity.com/files/128720/Drupal-7.X-SQL-Injection.html,drupal_core
CVE-2014-3704,67139,CWE-89,http://packetstormsecurity.com/files/128721/Drupal-7.31-SQL-Injection.html,drupal_core
CVE-2014-3704,67139,CWE-89,http://packetstormsecurity.com/files/128741/Drupal-HTTP-Parameter-Key-Value-SQL-Injection.html,drupal_core
CVE-2014-3704,67139,CWE-89,http://seclists.org/fulldisclosure/2014/Oct/75,drupal_core
CVE-2014-3704,67139,CWE-89,http://secunia.com/advisories/59972,drupal_core
CVE-2014-3704,67139,CWE-89,http://www.debian.org/security/2014/dsa-3051,drupal_core
CVE-2014-3704,67139,CWE-89,http://www.exploit-db.com/exploits/34984,drupal_core
CVE-2014-3704,67139,CWE-89,http://www.exploit-db.com/exploits/34992,drupal_core
CVE-2014-3704,67139,CWE-89,http://www.exploit-db.com/exploits/34993,drupal_core
CVE-2014-3704,67139,CWE-89,http://www.exploit-db.com/exploits/35150,drupal_core
CVE-2014-3704,67139,CWE-89,http://www.openwall.com/lists/oss-security/2014/10/15/23,drupal_core
CVE-2014-3704,67139,CWE-89,http://www.securityfocus.com/archive/1/533706/100/0/threaded,drupal_core
CVE-2014-3704,67139,CWE-89,http://www.securityfocus.com/bid/70595,drupal_core
CVE-2014-3704,67139,CWE-89,https://www.drupal.org/SA-CORE-2014-005,drupal_core
CVE-2014-3704,67139,CWE-89,https://www.sektioneins.de/en/advisories/advisory-012014-drupal-pre-auth-sql-injection-vulnerability.html,drupal_core
CVE-2014-3704,67139,CWE-89,https://www.sektioneins.de/en/blog/14-11-03-drupal-sql-injection-vulnerability-PoC.html,drupal_core
CVE-2015-6659,78239,CWE-89,http://lists.fedoraproject.org/pipermail/package-announce/2015-August/165061.html,drupal
CVE-2015-6659,78239,CWE-89,http://lists.fedoraproject.org/pipermail/package-announce/2015-September/165690.html,drupal
CVE-2015-6659,78239,CWE-89,http://lists.fedoraproject.org/pipermail/package-announce/2015-September/165704.html,drupal
CVE-2015-6659,78239,CWE-89,http://lists.fedoraproject.org/pipermail/package-announce/2015-September/165723.html,drupal
CVE-2015-6659,78239,CWE-89,http://lists.fedoraproject.org/pipermail/package-announce/2015-September/165733.html,drupal
CVE-2015-6659,78239,CWE-89,http://lists.fedoraproject.org/pipermail/package-announce/2015-September/165840.html,drupal
CVE-2015-6659,78239,CWE-89,http://www.debian.org/security/2015/dsa-3346,drupal
CVE-2015-6659,78239,CWE-89,http://www.securityfocus.com/bid/76432,drupal
CVE-2015-6659,78239,CWE-89,http://www.securitytracker.com/id/1033358,drupal
CVE-2015-6659,78239,CWE-89,https://www.drupal.org/SA-CORE-2015-003,drupal
CVE-2015-7876,79312,CWE-89,http://cgit.drupalcode.org/sqlsrv/commit/?id=2ea0da8,drupal_7_driver_for_sql_server_and_sql_azure
CVE-2015-7876,79312,CWE-89,https://www.drupal.org/node/2569003,drupal_7_driver_for_sql_server_and_sql_azure
CVE-2015-7876,79312,CWE-89,https://www.drupal.org/node/2569005,drupal_7_driver_for_sql_server_and_sql_azure
CVE-2015-7876,79312,CWE-89,https://www.drupal.org/node/2569577,drupal_7_driver_for_sql_server_and_sql_azure
