CVE-2006-1049,17856,CWE-89,http://secunia.com/advisories/19105,joomla
CVE-2006-1049,17856,CWE-89,http://www.joomla.org/content/view/938/78/,joomla
CVE-2006-1049,17856,CWE-89,http://www.osvdb.org/23819,joomla
CVE-2006-1049,17856,CWE-89,http://www.vupen.com/english/advisories/2006/0818,joomla
CVE-2007-4777,28637,CWE-89,http://osvdb.org/39070,joomla
CVE-2007-4777,28637,CWE-89,http://osvdb.org/39071,joomla
CVE-2007-4777,28637,CWE-89,http://osvdb.org/39072,joomla
CVE-2007-4777,28637,CWE-89,http://securityreason.com/securityalert/3108,joomla
CVE-2007-4777,28637,CWE-89,http://www.joomla.org/content/view/3831/1/,joomla
CVE-2007-4777,28637,CWE-89,http://www.securityfocus.com/archive/1/478451/100/0/threaded,joomla
CVE-2007-4777,28637,CWE-89,http://www.securityfocus.com/bid/25508,joomla
CVE-2007-4777,28637,CWE-89,https://exchange.xforce.ibmcloud.com/vulnerabilities/36423,joomla
CVE-2007-4778,28638,CWE-89,http://downloads.securityfocus.com/vulnerabilities/exploits/25508.php,joomla
CVE-2007-4778,28638,CWE-89,http://osvdb.org/39070,joomla
CVE-2007-4778,28638,CWE-89,http://osvdb.org/39071,joomla
CVE-2007-4778,28638,CWE-89,http://osvdb.org/39072,joomla
CVE-2007-4778,28638,CWE-89,http://www.joomla.org/content/view/3831/1/,joomla
CVE-2007-4778,28638,CWE-89,http://www.securityfocus.com/bid/25508,joomla
CVE-2007-4778,28638,CWE-89,https://exchange.xforce.ibmcloud.com/vulnerabilities/36423,joomla
CVE-2007-6272,30027,CWE-89,http://securityreason.com/securityalert/3422,joomla
CVE-2007-6272,30027,CWE-89,http://www.securityfocus.com/archive/1/484603/100/0/threaded,joomla
CVE-2007-6272,30027,CWE-89,http://www.securityfocus.com/bid/26707,joomla
CVE-2007-6272,30027,CWE-89,https://exchange.xforce.ibmcloud.com/vulnerabilities/38867,joomla
CVE-2008-0517,31003,CWE-89,http://www.securityfocus.com/bid/27520,joomla
CVE-2008-0517,31003,CWE-89,http://www.vupen.com/english/advisories/2008/0362,joomla
CVE-2008-0517,31003,CWE-89,https://exchange.xforce.ibmcloud.com/vulnerabilities/40060,joomla
CVE-2008-0517,31003,CWE-89,https://www.exploit-db.com/exploits/5016,joomla
CVE-2008-0561,31047,CWE-89,http://www.securityfocus.com/bid/27557,joomla
CVE-2008-0561,31047,CWE-89,https://exchange.xforce.ibmcloud.com/vulnerabilities/40141,joomla
CVE-2008-0561,31047,CWE-89,https://www.exploit-db.com/exploits/5029,joomla
CVE-2008-0562,31048,CWE-89,http://www.securityfocus.com/bid/27551,joomla
CVE-2008-0562,31048,CWE-89,https://exchange.xforce.ibmcloud.com/vulnerabilities/40144,joomla
CVE-2008-0562,31048,CWE-89,https://www.exploit-db.com/exploits/5031,joomla
CVE-2008-0795,31279,CWE-89,http://www.securityfocus.com/bid/27784,joomla
CVE-2008-0795,31279,CWE-89,https://exchange.xforce.ibmcloud.com/vulnerabilities/40494,joomla
CVE-2008-0795,31279,CWE-89,https://www.exploit-db.com/exploits/5109,joomla
CVE-2008-0829,31313,CWE-89,http://forum.joomlaitalia.com/index.php?topic=388.0,joomla
CVE-2008-0829,31313,CWE-89,http://members.joomlapixel.eu/download/componenti/patch-jooget-2.6.8-sql-injection/details.html,joomla
CVE-2008-0829,31313,CWE-89,http://secunia.com/advisories/28998,joomla
CVE-2008-0829,31313,CWE-89,http://www.securityfocus.com/bid/27836,joomla
CVE-2008-0829,31313,CWE-89,https://www.exploit-db.com/exploits/5132,joomla
CVE-2008-1935,32392,CWE-89,http://www.securityfocus.com/bid/28900,joomla
CVE-2008-1935,32392,CWE-89,http://www.vupen.com/english/advisories/2008/1346/references,joomla
CVE-2008-1935,32392,CWE-89,https://exchange.xforce.ibmcloud.com/vulnerabilities/41980,joomla
CVE-2008-1935,32392,CWE-89,https://www.exploit-db.com/exploits/5488,joomla
CVE-2008-2564,32997,CWE-89,http://secunia.com/advisories/30541,joomla
CVE-2008-2564,32997,CWE-89,http://www.securityfocus.com/bid/29554,joomla
CVE-2008-2564,32997,CWE-89,https://exchange.xforce.ibmcloud.com/vulnerabilities/42840,joomla
CVE-2008-2564,32997,CWE-89,https://www.exploit-db.com/exploits/5737,joomla
CVE-2008-2568,33001,CWE-89,http://secunia.com/advisories/30461,joomla
CVE-2008-2568,33001,CWE-89,http://www.securityfocus.com/bid/29565,joomla
CVE-2008-2568,33001,CWE-89,https://exchange.xforce.ibmcloud.com/vulnerabilities/42871,joomla
CVE-2008-2568,33001,CWE-89,https://www.exploit-db.com/exploits/5743,joomla
CVE-2008-2568,33001,CWE-89,https://www.exploit-db.com/exploits/5833,joomla
CVE-2008-2632,33065,CWE-89,https://exchange.xforce.ibmcloud.com/vulnerabilities/42794,joomla
CVE-2008-2632,33065,CWE-89,https://www.exploit-db.com/exploits/5721,joomla
CVE-2008-2633,33066,CWE-89,http://packetstormsecurity.org/0806-exploits/joomlajoomradio-sql.txt,joomla
CVE-2008-2633,33066,CWE-89,http://secunia.com/advisories/30513,joomla
CVE-2008-2633,33066,CWE-89,http://www.securityfocus.com/archive/1/501069/100/0/threaded,joomla
CVE-2008-2633,33066,CWE-89,http://www.securityfocus.com/bid/29504,joomla
CVE-2008-2633,33066,CWE-89,https://exchange.xforce.ibmcloud.com/vulnerabilities/42814,joomla
CVE-2008-2633,33066,CWE-89,https://www.exploit-db.com/exploits/5729,joomla
CVE-2008-2676,33101,CWE-89,https://exchange.xforce.ibmcloud.com/vulnerabilities/42936,joomla
CVE-2008-2676,33101,CWE-89,https://www.exploit-db.com/exploits/5761,joomla
CVE-2008-6068,36417,CWE-89,http://secunia.com/advisories/30441,joomladate
CVE-2008-6068,36417,CWE-89,https://exchange.xforce.ibmcloud.com/vulnerabilities/42873,joomladate
CVE-2008-6068,36417,CWE-89,https://www.exploit-db.com/exploits/5748,joomladate
CVE-2008-6181,36530,CWE-89,http://secunia.com/advisories/32239,com_mad4joomla
CVE-2008-6181,36530,CWE-89,http://www.mad4media.de/mad4joomla-mailforms-faq.html,com_mad4joomla
CVE-2008-6181,36530,CWE-89,http://www.mad4media.de/mad4joomla-mailforms.html,com_mad4joomla
CVE-2008-6181,36530,CWE-89,http://www.securityfocus.com/bid/31712,com_mad4joomla
CVE-2008-6181,36530,CWE-89,https://exchange.xforce.ibmcloud.com/vulnerabilities/45815,com_mad4joomla
CVE-2008-6181,36530,CWE-89,https://www.exploit-db.com/exploits/6724,com_mad4joomla
CVE-2008-6852,37201,CWE-89,http://www.securityfocus.com/bid/33008,joomla\!
CVE-2008-6852,37201,CWE-89,https://exchange.xforce.ibmcloud.com/vulnerabilities/47604,joomla\!
CVE-2008-6852,37201,CWE-89,https://www.exploit-db.com/exploits/7572,joomla\!
CVE-2008-6852,37201,CWE-89,http://www.securityfocus.com/bid/33008,ice_gallery_component_for_joomla
CVE-2008-6852,37201,CWE-89,https://exchange.xforce.ibmcloud.com/vulnerabilities/47604,ice_gallery_component_for_joomla
CVE-2008-6852,37201,CWE-89,https://www.exploit-db.com/exploits/7572,ice_gallery_component_for_joomla
CVE-2009-1263,38868,CWE-89,http://osvdb.org/53421,com_bookjoomlas
CVE-2009-1263,38868,CWE-89,http://www.securityfocus.com/bid/34392,com_bookjoomlas
CVE-2009-1263,38868,CWE-89,http://www.vupen.com/english/advisories/2009/0952,com_bookjoomlas
CVE-2009-1263,38868,CWE-89,https://exchange.xforce.ibmcloud.com/vulnerabilities/49682,com_bookjoomlas
CVE-2009-1263,38868,CWE-89,https://www.exploit-db.com/exploits/8353,com_bookjoomlas
CVE-2009-1499,39090,CWE-89,http://www.securityfocus.com/bid/34433,joomla\!
CVE-2009-1499,39090,CWE-89,https://www.exploit-db.com/exploits/8366,joomla\!
CVE-2010-2679,45196,CWE-89,http://packetstormsecurity.org/1003-exploits/joomlaweblinks-sql.txt,joomla\!
CVE-2010-2679,45196,CWE-89,http://www.securityfocus.com/archive/1/510364/100/0/threaded,joomla\!
CVE-2010-2679,45196,CWE-89,http://www.securityfocus.com/bid/39032,joomla\!
CVE-2010-4166,46576,CWE-89,http://archives.neohapsis.com/archives/fulldisclosure/2010-10/0514.html,joomla\!
CVE-2010-4166,46576,CWE-89,http://developer.joomla.org/security/news/9-security/10-core-security/323-20101101-core-sqli-info-disclosurevulnerabilities.html,joomla\!
CVE-2010-4166,46576,CWE-89,http://openwall.com/lists/oss-security/2010/11/12/5,joomla\!
CVE-2010-4166,46576,CWE-89,http://openwall.com/lists/oss-security/2010/11/12/6,joomla\!
CVE-2010-4166,46576,CWE-89,http://secunia.com/advisories/42133,joomla\!
CVE-2010-4166,46576,CWE-89,http://yehg.net/lab/pr0js/advisories/joomla/core/1.5.21/sql_injection/sqli_%28filter_order_Dir%29_back.jpg,joomla\!
CVE-2010-4166,46576,CWE-89,http://yehg.net/lab/pr0js/advisories/joomla/core/1.5.21/sql_injection/sqli_%28filter_order_Dir%29_front.jpg,joomla\!
CVE-2010-4166,46576,CWE-89,http://yehg.net/lab/pr0js/advisories/joomla/core/1.5.21/sql_injection/sqli_(filter_order)_front.jpg,joomla\!
CVE-2010-4696,47071,CWE-89,http://developer.joomla.org/security/news/9-security/10-core-security/323-20101101-core-sqli-info-disclosurevulnerabilities.html,joomla\!
CVE-2010-4696,47071,CWE-89,http://openwall.com/lists/oss-security/2010/11/12/5,joomla\!
CVE-2010-4696,47071,CWE-89,http://openwall.com/lists/oss-security/2010/11/12/6,joomla\!
CVE-2010-4696,47071,CWE-89,http://secunia.com/advisories/42133,joomla\!
CVE-2012-1116,53321,CWE-89,http://developer.joomla.org/security/news/391-20120301-core-sql-injection.html,joomla\!
CVE-2012-1116,53321,CWE-89,http://secunia.com/advisories/48005,joomla\!
CVE-2012-1116,53321,CWE-89,http://www.openwall.com/lists/oss-security/2012/03/06/12,joomla\!
CVE-2012-1116,53321,CWE-89,http://www.openwall.com/lists/oss-security/2012/03/06/5,joomla\!
CVE-2012-1116,53321,CWE-89,http://www.osvdb.org/79837,joomla\!
CVE-2012-1116,53321,CWE-89,http://www.securityfocus.com/bid/52312,joomla\!
CVE-2012-1116,53321,CWE-89,https://exchange.xforce.ibmcloud.com/vulnerabilities/73699,joomla\!
CVE-2014-7981,70852,CWE-89,http://developer.joomla.org/security/578-20140301-core-sql-injection.html,joomla\!
CVE-2015-4654,76434,CWE-89,http://packetstormsecurity.com/files/132220/Joomla-EQ-Event-Calendar-SQL-Injection.html,joomla\!
CVE-2015-4654,76434,CWE-89,http://www.securityfocus.com/bid/75261,joomla\!
CVE-2015-7297,78830,CWE-89,http://developer.joomla.org/security-centre/628-20151001-core-sql-injection.html,joomla\!
CVE-2015-7297,78830,CWE-89,http://packetstormsecurity.com/files/134097/Joomla-3.44-SQL-Injection.html,joomla\!
CVE-2015-7297,78830,CWE-89,http://packetstormsecurity.com/files/134494/Joomla-Content-History-SQL-Injection-Remote-Code-Execution.html,joomla\!
CVE-2015-7297,78830,CWE-89,http://www.rapid7.com/db/modules/auxiliary/gather/joomla_contenthistory_sqli,joomla\!
CVE-2015-7297,78830,CWE-89,http://www.rapid7.com/db/modules/exploit/unix/webapp/joomla_contenthistory_sqli_rce,joomla\!
CVE-2015-7297,78830,CWE-89,http://www.securityfocus.com/bid/77295,joomla\!
CVE-2015-7297,78830,CWE-89,http://www.securitytracker.com/id/1033950,joomla\!
CVE-2015-7297,78830,CWE-89,https://www.exploit-db.com/exploits/38797/,joomla\!
CVE-2015-7297,78830,CWE-89,https://www.trustwave.com/Resources/SpiderLabs-Blog/Joomla-SQL-Injection-Vulnerability-Exploit-Results-in-Full-Administrative-Access/,joomla\!
CVE-2015-7857,79298,CWE-89,http://developer.joomla.org/security-centre/628-20151001-core-sql-injection.html,joomla\!
CVE-2015-7857,79298,CWE-89,http://packetstormsecurity.com/files/134097/Joomla-3.44-SQL-Injection.html,joomla\!
CVE-2015-7857,79298,CWE-89,http://packetstormsecurity.com/files/134494/Joomla-Content-History-SQL-Injection-Remote-Code-Execution.html,joomla\!
CVE-2015-7857,79298,CWE-89,http://www.rapid7.com/db/modules/exploit/unix/webapp/joomla_contenthistory_sqli_rce,joomla\!
CVE-2015-7857,79298,CWE-89,http://www.securityfocus.com/bid/77295,joomla\!
CVE-2015-7857,79298,CWE-89,http://www.securitytracker.com/id/1033950,joomla\!
CVE-2015-7857,79298,CWE-89,https://www.exploit-db.com/exploits/38797/,joomla\!
CVE-2015-7857,79298,CWE-89,https://www.trustwave.com/Resources/SpiderLabs-Blog/Joomla-SQL-Injection-Vulnerability-Exploit-Results-in-Full-Administrative-Access/,joomla\!
CVE-2015-7858,79299,CWE-89,http://developer.joomla.org/security-centre/628-20151001-core-sql-injection.html,joomla\!
CVE-2015-7858,79299,CWE-89,http://packetstormsecurity.com/files/134097/Joomla-3.44-SQL-Injection.html,joomla\!
CVE-2015-7858,79299,CWE-89,http://packetstormsecurity.com/files/134494/Joomla-Content-History-SQL-Injection-Remote-Code-Execution.html,joomla\!
CVE-2015-7858,79299,CWE-89,http://www.rapid7.com/db/modules/exploit/unix/webapp/joomla_contenthistory_sqli_rce,joomla\!
CVE-2015-7858,79299,CWE-89,http://www.securityfocus.com/bid/77295,joomla\!
CVE-2015-7858,79299,CWE-89,http://www.securitytracker.com/id/1033950,joomla\!
CVE-2015-7858,79299,CWE-89,https://www.exploit-db.com/exploits/38797/,joomla\!
CVE-2015-7858,79299,CWE-89,https://www.trustwave.com/Resources/SpiderLabs-Blog/Joomla-SQL-Injection-Vulnerability-Exploit-Results-in-Full-Administrative-Access/,joomla\!
CVE-2015-8769,80066,CWE-89,http://www.securityfocus.com/bid/79679,joomla\!
CVE-2015-8769,80066,CWE-89,http://www.securitytracker.com/id/1034658,joomla\!
CVE-2015-8769,80066,CWE-89,https://developer.joomla.org/security-centre/640-20151207-core-sql-injection.html,joomla\!
CVE-2017-8917,104507,CWE-89,http://www.securityfocus.com/bid/98515,joomla\!
CVE-2017-8917,104507,CWE-89,http://www.securitytracker.com/id/1038522,joomla\!
CVE-2017-8917,104507,CWE-89,https://developer.joomla.org/security-centre/692-20170501-core-sql-injection.html,joomla\!
CVE-2017-8917,104507,CWE-89,https://www.exploit-db.com/exploits/42033/,joomla\!
CVE-2017-8917,104507,CWE-89,https://www.exploit-db.com/exploits/44358/,joomla\!
CVE-2018-6376,115402,CWE-89,http://www.securityfocus.com/bid/102916,joomla\!
CVE-2018-6376,115402,CWE-89,http://www.securitytracker.com/id/1040316,joomla\!
CVE-2018-6376,115402,CWE-89,https://developer.joomla.org/security-centre/722-20180105-core-sqli-vulnerability.html,joomla\!
CVE-2018-8045,116438,CWE-89,http://www.securityfocus.com/bid/103402,joomla\!
CVE-2018-8045,116438,CWE-89,http://www.securitytracker.com/id/1040540,joomla\!
CVE-2018-8045,116438,CWE-89,https://developer.joomla.org/security-centre/723-20180301-core-sqli-vulnerability.html,joomla\!
