CVE-2003-1244,9018,CWE-89,http://archives.neohapsis.com/archives/bugtraq/2003-02/0245.html,phpbb
CVE-2003-1244,9018,CWE-89,http://www.iss.net/security_center/static/11376.php,phpbb
CVE-2003-1244,9018,CWE-89,http://www.securityfocus.com/bid/6888,phpbb
CVE-2003-1530,9304,CWE-89,http://archives.neohapsis.com/archives/bugtraq/2003-01/0125.html,phpbb
CVE-2003-1530,9304,CWE-89,http://secunia.com/advisories/7887/,phpbb
CVE-2003-1530,9304,CWE-89,http://www.osvdb.org/4277,phpbb
CVE-2003-1530,9304,CWE-89,http://www.securityfocus.com/archive/1/307212/30/26300/threaded,phpbb
CVE-2003-1530,9304,CWE-89,http://www.securityfocus.com/bid/6634,phpbb
CVE-2007-4653,28520,CWE-89,http://osvdb.org/38427,phpbb
CVE-2007-4653,28520,CWE-89,http://www.securityfocus.com/bid/25501,phpbb
CVE-2007-4653,28520,CWE-89,https://www.exploit-db.com/exploits/4346,phpbb
CVE-2007-5688,29502,CWE-89,http://secunia.com/advisories/27406,phpbb
CVE-2007-5688,29502,CWE-89,http://www.inj3ct-it.org/exploit/Multi_Host.txt,phpbb
CVE-2007-5688,29502,CWE-89,http://www.securityfocus.com/archive/1/482838/100/0/threaded,phpbb
CVE-2007-5688,29502,CWE-89,http://www.securityfocus.com/bid/26213,phpbb
CVE-2007-5688,29502,CWE-89,https://exchange.xforce.ibmcloud.com/vulnerabilities/37461,phpbb
CVE-2008-1350,31821,CWE-89,http://secunia.com/advisories/29339,fully_modded_phpbb
CVE-2008-1350,31821,CWE-89,http://securityreason.com/securityalert/3745,fully_modded_phpbb
CVE-2008-1350,31821,CWE-89,http://www.securityfocus.com/archive/1/489468/100/0/threaded,fully_modded_phpbb
CVE-2008-1350,31821,CWE-89,http://www.securityfocus.com/bid/28225,fully_modded_phpbb
CVE-2008-1350,31821,CWE-89,https://exchange.xforce.ibmcloud.com/vulnerabilities/41192,fully_modded_phpbb
CVE-2008-1350,31821,CWE-89,https://www.exploit-db.com/exploits/5243,fully_modded_phpbb
