"CVE-2009-2978","40527","CWE-89","http://jvn.jp/en/jp/JVN31035930/index.html","sugarcrm"
"CVE-2009-2978","40527","CWE-89","http://jvndb.jvn.jp/en/contents/2009/JVNDB-2009-000056.html","sugarcrm"
"CVE-2009-2978","40527","CWE-89","http://secunia.com/advisories/36423","sugarcrm"
"CVE-2009-2978","40527","CWE-89","http://www.ipa.go.jp/security/vuln/documents/2009/200908_sugarcrm.html","sugarcrm"
"CVE-2009-2978","40527","CWE-89","http://www.securityfocus.com/bid/36118","sugarcrm"
"CVE-2009-2978","40527","CWE-89","http://www.sugarcrm.com/forums/showthread.php?t=50907","sugarcrm"
"CVE-2009-2978","40527","CWE-89","http://www.sugarcrm.com/forums/showthread.php?t=50953","sugarcrm"
"CVE-2009-2978","40527","CWE-89","https://exchange.xforce.ibmcloud.com/vulnerabilities/52679","sugarcrm"
"CVE-2011-4833","51869","CWE-89","http://secunia.com/advisories/47011","sugarcrm"
"CVE-2011-4833","51869","CWE-89","http://securitytracker.com/id?1026369","sugarcrm"
"CVE-2011-4833","51869","CWE-89","http://www.osvdb.org/77459","sugarcrm"
"CVE-2011-4833","51869","CWE-89","http://www.securityfocus.com/archive/1/520685/100/0/threaded","sugarcrm"
"CVE-2011-4833","51869","CWE-89","http://www.sugarcrm.com/crm/support/bugs.html#issue_47800","sugarcrm"
"CVE-2011-4833","51869","CWE-89","http://www.sugarcrm.com/crm/support/bugs.html#issue_47805","sugarcrm"
"CVE-2011-4833","51869","CWE-89","http://www.sugarcrm.com/crm/support/bugs.html#issue_47806","sugarcrm"
"CVE-2011-4833","51869","CWE-89","http://www.sugarcrm.com/crm/support/bugs.html#issue_47839","sugarcrm"
"CVE-2011-4833","51869","CWE-89","https://exchange.xforce.ibmcloud.com/vulnerabilities/71586","sugarcrm"
"CVE-2011-4833","51869","CWE-89","https://www.htbridge.ch/advisory/sql_injection_in_sugarcrm.html","sugarcrm"
"CVE-2017-14508","95167","CWE-89","https://blog.ripstech.com/2017/sugarcrm-security-diet-multiple-vulnerabilities/","sugarcrm"
"CVE-2017-14508","95167","CWE-89","https://support.sugarcrm.com/Resources/Security/sugarcrm-sa-2017-006/","sugarcrm"
"CVE-2017-14508","95167","CWE-89","https://www.synology.com/support/security/Synology_SA_17_53_SugarCRM","sugarcrm"
"CVE-2018-6308","115352","CWE-89","http://www.defensecode.com/advisories/DC-2018-01-011_SugarCRM_Community_Edition_Advisory.pdf","sugarcrm"
