CVE-2007-6381,30135,CWE-89,http://bugs.debian.org/cgi-bin/bugreport.cgi?bug=457446,typo3,http://bugs.debian.org/cgi-bin/bugreport.cgi?bug=457446
CVE-2007-6381,30135,CWE-89,http://osvdb.org/39506,typo3,http://osvdb.org/39506
CVE-2007-6381,30135,CWE-89,http://secunia.com/advisories/27969,typo3,http://secunia.com/advisories/27969
CVE-2007-6381,30135,CWE-89,http://secunia.com/advisories/28243,typo3,http://secunia.com/advisories/28243
CVE-2007-6381,30135,CWE-89,http://securitytracker.com/id?1019146,typo3,http://securitytracker.com/id?1019146
CVE-2007-6381,30135,CWE-89,http://typo3.org/teams/security/security-bulletins/typo3-20071210-1/,typo3,http://typo3.org/teams/security/security-bulletins/typo3-20071210-1/
CVE-2007-6381,30135,CWE-89,http://www.debian.org/security/2007/dsa-1439,typo3,http://www.debian.org/security/2007/dsa-1439
CVE-2007-6381,30135,CWE-89,http://www.securityfocus.com/bid/26871,typo3,http://www.securityfocus.com/bid/26871
CVE-2007-6381,30135,CWE-89,http://www.vupen.com/english/advisories/2007/4205,typo3,http://www.vupen.com/english/advisories/2007/4205
CVE-2007-6381,30135,CWE-89,https://exchange.xforce.ibmcloud.com/vulnerabilities/39017,typo3,https://exchange.xforce.ibmcloud.com/vulnerabilities/39017
CVE-2008-2451,32891,CWE-89,http://typo3.org/teams/security/security-bulletins/typo3-20080513-4,typo3,http://typo3.org/teams/security/security-bulletins/typo3-20080513-4
CVE-2008-2451,32891,CWE-89,https://exchange.xforce.ibmcloud.com/vulnerabilities/42368,typo3,https://exchange.xforce.ibmcloud.com/vulnerabilities/42368
CVE-2008-6594,36943,CWE-89,http://osvdb.org/45094,typo3,http://osvdb.org/45094
CVE-2008-6594,36943,CWE-89,http://typo3.org/teams/security/security-bulletins/typo3-20080416-2/,typo3,http://typo3.org/teams/security/security-bulletins/typo3-20080416-2/
CVE-2008-6594,36943,CWE-89,https://exchange.xforce.ibmcloud.com/vulnerabilities/49829,typo3,https://exchange.xforce.ibmcloud.com/vulnerabilities/49829
CVE-2009-3632,41175,CWE-89,http://marc.info/?l=oss-security&m=125632856206736&w=2,typo3,http://marc.info/?l=oss-security&m=125632856206736&w=2
CVE-2009-3632,41175,CWE-89,http://secunia.com/advisories/37122,typo3,http://secunia.com/advisories/37122
CVE-2009-3632,41175,CWE-89,http://typo3.org/teams/security/security-bulletins/typo3-sa-2009-016/,typo3,http://typo3.org/teams/security/security-bulletins/typo3-sa-2009-016/
CVE-2009-3632,41175,CWE-89,http://www.securityfocus.com/bid/36801,typo3,http://www.securityfocus.com/bid/36801
CVE-2009-3632,41175,CWE-89,http://www.vupen.com/english/advisories/2009/3009,typo3,http://www.vupen.com/english/advisories/2009/3009
CVE-2009-3632,41175,CWE-89,https://exchange.xforce.ibmcloud.com/vulnerabilities/53924,typo3,https://exchange.xforce.ibmcloud.com/vulnerabilities/53924
CVE-2009-4855,42345,CWE-89,http://secure.t3sec.info/blog/post/2009/08/06/typo3-cms-40-showuid-exploit-not-a-vulnerability/,typo3,http://secure.t3sec.info/blog/post/2009/08/06/typo3-cms-40-showuid-exploit-not-a-vulnerability/
CVE-2009-4855,42345,CWE-89,http://www.exploit-db.com/exploits/9380,typo3,http://www.exploit-db.com/exploits/9380
CVE-2009-4855,42345,CWE-89,http://www.securityfocus.com/bid/35975,typo3,http://www.securityfocus.com/bid/35975
CVE-2009-4855,42345,CWE-89,https://exchange.xforce.ibmcloud.com/vulnerabilities/52308,typo3,https://exchange.xforce.ibmcloud.com/vulnerabilities/52308
CVE-2010-5103,47475,CWE-89,http://secunia.com/advisories/35770,typo3,http://secunia.com/advisories/35770
CVE-2010-5103,47475,CWE-89,http://typo3.org/teams/security/security-bulletins/typo3-core/typo3-sa-2010-022/,typo3,http://typo3.org/teams/security/security-bulletins/typo3-core/typo3-sa-2010-022/
CVE-2010-5103,47475,CWE-89,http://www.openwall.com/lists/oss-security/2011/01/13/2,typo3,http://www.openwall.com/lists/oss-security/2011/01/13/2
CVE-2010-5103,47475,CWE-89,http://www.openwall.com/lists/oss-security/2012/05/10/7,typo3,http://www.openwall.com/lists/oss-security/2012/05/10/7
CVE-2010-5103,47475,CWE-89,http://www.openwall.com/lists/oss-security/2012/05/11/3,typo3,http://www.openwall.com/lists/oss-security/2012/05/11/3
CVE-2010-5103,47475,CWE-89,http://www.openwall.com/lists/oss-security/2012/05/12/5,typo3,http://www.openwall.com/lists/oss-security/2012/05/12/5
CVE-2010-5103,47475,CWE-89,http://www.osvdb.org/70117,typo3,http://www.osvdb.org/70117
CVE-2010-5103,47475,CWE-89,http://www.securityfocus.com/bid/45470,typo3,http://www.securityfocus.com/bid/45470
CVE-2010-5103,47475,CWE-89,https://exchange.xforce.ibmcloud.com/vulnerabilities/64184,typo3,https://exchange.xforce.ibmcloud.com/vulnerabilities/64184
CVE-2012-6144,57426,CWE-89,http://osvdb.org/87115,typo3,http://osvdb.org/87115
CVE-2012-6144,57426,CWE-89,http://typo3.org/teams/security/security-bulletins/typo3-core/typo3-core-sa-2012-005/,typo3,http://typo3.org/teams/security/security-bulletins/typo3-core/typo3-core-sa-2012-005/
CVE-2012-6144,57426,CWE-89,http://www.openwall.com/lists/oss-security/2013/06/19/4,typo3,http://www.openwall.com/lists/oss-security/2013/06/19/4
CVE-2012-6144,57426,CWE-89,https://exchange.xforce.ibmcloud.com/vulnerabilities/79964,typo3,https://exchange.xforce.ibmcloud.com/vulnerabilities/79964
CVE-2013-1842,59495,CWE-89,http://lists.opensuse.org/opensuse-updates/2013-03/msg00079.html,typo3,http://lists.opensuse.org/opensuse-updates/2013-03/msg00079.html
CVE-2013-1842,59495,CWE-89,http://osvdb.org/90925,typo3,http://osvdb.org/90925
CVE-2013-1842,59495,CWE-89,http://secunia.com/advisories/52433,typo3,http://secunia.com/advisories/52433
CVE-2013-1842,59495,CWE-89,http://secunia.com/advisories/52638,typo3,http://secunia.com/advisories/52638
CVE-2013-1842,59495,CWE-89,http://typo3.org/support/teamssecuritysecurity-bulletins/security-bulletins-single-view/article/sql-injection-and-open-redirection-in-typo3-core/,typo3,http://typo3.org/support/teamssecuritysecurity-bulletins/security-bulletins-single-view/article/sql-injection-and-open-redirection-in-typo3-core/
CVE-2013-1842,59495,CWE-89,http://www.debian.org/security/2013/dsa-2646,typo3,http://www.debian.org/security/2013/dsa-2646
CVE-2013-1842,59495,CWE-89,http://www.openwall.com/lists/oss-security/2013/03/12/3,typo3,http://www.openwall.com/lists/oss-security/2013/03/12/3
CVE-2013-1842,59495,CWE-89,http://www.securityfocus.com/bid/58330,typo3,http://www.securityfocus.com/bid/58330
