CVE-2004-1925,11227,CWE-89,http://marc.info/?l=bugtraq&m=108180073206947&w=2,tikiwiki_cms\/groupware,,,"did a grep search for ""offset"". Stopped at directory_search.php"
CVE-2004-1925,11227,CWE-89,http://secunia.com/advisories/11344,tikiwiki_cms\/groupware,,,
CVE-2004-1925,11227,CWE-89,http://tikiwiki.org/tiki-read_article.php?articleId=66,tikiwiki_cms\/groupware,,,
CVE-2004-1925,11227,CWE-89,http://www.securityfocus.com/bid/10100,tikiwiki_cms\/groupware,,,
CVE-2004-1925,11227,CWE-89,https://exchange.xforce.ibmcloud.com/vulnerabilities/15845,tikiwiki_cms\/groupware,,,
CVE-2006-3048,19829,CWE-89,http://secunia.com/advisories/20648,tikiwiki_cms\/groupware,,,
CVE-2006-3048,19829,CWE-89,http://secunia.com/advisories/20850,tikiwiki_cms\/groupware,,,
CVE-2006-3048,19829,CWE-89,http://securityreason.com/securityalert/1102,tikiwiki_cms\/groupware,,,
CVE-2006-3048,19829,CWE-89,http://www.gentoo.org/security/en/glsa/glsa-200606-29.xml,tikiwiki_cms\/groupware,,,
CVE-2006-3048,19829,CWE-89,http://www.securityfocus.com/archive/1/437017/100/0/threaded,tikiwiki_cms\/groupware,,,
CVE-2006-3048,19829,CWE-89,http://www.securityfocus.com/bid/18421,tikiwiki_cms\/groupware,,,
CVE-2006-3048,19829,CWE-89,http://www.vupen.com/english/advisories/2006/2349,tikiwiki_cms\/groupware,,,
CVE-2006-3048,19829,CWE-89,https://exchange.xforce.ibmcloud.com/vulnerabilities/27146,tikiwiki_cms\/groupware,,,
CVE-2006-4734,21477,CWE-89,http://securityreason.com/securityalert/1544,tikiwiki_cms\/groupware,,,
CVE-2006-4734,21477,CWE-89,http://tikiwiki.cvs.sourceforge.net/tikiwiki/tiki/tiki-g-admin_processes.php?view=log,tikiwiki_cms\/groupware,,,
CVE-2006-4734,21477,CWE-89,http://www.hackers.ir/advisories/tikiwiki.html,tikiwiki_cms\/groupware,,,
CVE-2006-4734,21477,CWE-89,http://www.securityfocus.com/archive/1/445790/100/0/threaded,tikiwiki_cms\/groupware,,,
CVE-2006-4734,21477,CWE-89,http://www.securityfocus.com/bid/19947,tikiwiki_cms\/groupware,,,
CVE-2006-4734,21477,CWE-89,https://exchange.xforce.ibmcloud.com/vulnerabilities/28869,tikiwiki_cms\/groupware,,,
CVE-2010-1133,43715,CWE-89,http://info.tikiwiki.org/article86-Tiki-Announces-3-5-and-4-2-Releases,tikiwiki_cms\/groupware,,,
CVE-2010-1133,43715,CWE-89,http://osvdb.org/62800,tikiwiki_cms\/groupware,,,
CVE-2010-1133,43715,CWE-89,http://secunia.com/advisories/38896,tikiwiki_cms\/groupware,,,
CVE-2010-1133,43715,CWE-89,http://tikiwiki.svn.sourceforge.net/viewvc/tikiwiki?view=rev&revision=25424,tikiwiki_cms\/groupware,,,
CVE-2010-1133,43715,CWE-89,http://tikiwiki.svn.sourceforge.net/viewvc/tikiwiki?view=rev&revision=25435,tikiwiki_cms\/groupware,,,
CVE-2010-1133,43715,CWE-89,http://www.securityfocus.com/bid/38608,tikiwiki_cms\/groupware,,,
CVE-2010-1133,43715,CWE-89,https://exchange.xforce.ibmcloud.com/vulnerabilities/56769,tikiwiki_cms\/groupware,,,
CVE-2010-1134,43716,CWE-89,http://info.tikiwiki.org/article86-Tiki-Announces-3-5-and-4-2-Releases,tikiwiki_cms\/groupware,,,
CVE-2010-1134,43716,CWE-89,http://osvdb.org/62800,tikiwiki_cms\/groupware,,,
CVE-2010-1134,43716,CWE-89,http://secunia.com/advisories/38882,tikiwiki_cms\/groupware,,,
CVE-2010-1134,43716,CWE-89,http://tikiwiki.svn.sourceforge.net/viewvc/tikiwiki?view=rev&revision=25429,tikiwiki_cms\/groupware,,,
CVE-2010-1134,43716,CWE-89,http://www.securityfocus.com/bid/38608,tikiwiki_cms\/groupware,,,
CVE-2010-1134,43716,CWE-89,https://exchange.xforce.ibmcloud.com/vulnerabilities/56769,tikiwiki_cms\/groupware,,,
CVE-2010-4641,47025,CWE-89,http://secunia.com/advisories/42058,xwiki,,,
CVE-2010-4641,47025,CWE-89,http://www.osvdb.org/68976,xwiki,,,
CVE-2010-4641,47025,CWE-89,http://www.securityfocus.com/bid/44601,xwiki,,,
CVE-2010-4641,47025,CWE-89,http://www.xwiki.org/xwiki/bin/view/ReleaseNotes/ReleaseNotesXWikiEnterprise25,xwiki,,,
CVE-2010-4641,47025,CWE-89,https://exchange.xforce.ibmcloud.com/vulnerabilities/62943,xwiki,,,
CVE-2010-4970,47342,CWE-89,http://packetstormsecurity.org/1007-exploits/wikiwebhelp-sql.txt,wiki_web_help,,,
CVE-2010-4970,47342,CWE-89,http://securityreason.com/securityalert/8491,wiki_web_help,,,
CVE-2010-4970,47342,CWE-89,http://www.exploit-db.com/exploits/14217,wiki_web_help,,,
CVE-2010-4970,47342,CWE-89,http://www.securityfocus.com/bid/41344,wiki_web_help,,,
CVE-2010-4970,47342,CWE-89,http://www.vupen.com/english/advisories/2010/1704,wiki_web_help,,,
CVE-2011-4448,51565,CWE-89,http://wush.net/trac/wikka/changeset/1820,wikkawiki,,,
CVE-2011-4448,51565,CWE-89,http://wush.net/trac/wikka/ticket/1097,wikkawiki,,,
CVE-2011-5076,52066,CWE-89,http://bbs.wolvez.org/viewtopic.php?id=208,hdwiki,,,
CVE-2011-5076,52066,CWE-89,http://secunia.com/advisories/47907,hdwiki,,,
CVE-2011-5076,52066,CWE-89,http://www.securityfocus.com/bid/51871,hdwiki,,,
CVE-2012-6520,57700,CWE-89,http://archives.neohapsis.com/archives/bugtraq/2012-03/0046.html,wikidforum,,,
CVE-2012-6520,57700,CWE-89,http://www.darksecurity.de/advisories/2012/SSCHADV2012-005.txt,wikidforum,,,
CVE-2012-6520,57700,CWE-89,http://www.openwall.com/lists/oss-security/2012/04/12/12,wikidforum,,,
CVE-2012-6520,57700,CWE-89,http://www.openwall.com/lists/oss-security/2012/04/13/4,wikidforum,,,
CVE-2012-6520,57700,CWE-89,http://www.openwall.com/lists/oss-security/2012/04/15/1,wikidforum,,,
CVE-2012-6520,57700,CWE-89,http://www.securityfocus.com/bid/52425,wikidforum,,,
CVE-2012-6520,57700,CWE-89,https://exchange.xforce.ibmcloud.com/vulnerabilities/73980,wikidforum,,,
CVE-2013-4715,61835,CWE-89,http://info.tiki.org/article221-New-Versions-of-all-supported-versions-of-Tiki-Wiki-CMS-Groupware,tikiwiki_cms\/groupware,,,
CVE-2013-4715,61835,CWE-89,http://jvn.jp/en/jp/JVN75720314/index.html,tikiwiki_cms\/groupware,,,
CVE-2013-4715,61835,CWE-89,http://jvndb.jvn.jp/jvndb/JVNDB-2013-000100,tikiwiki_cms\/groupware,,,
CVE-2015-3346,75493,CWE-89,http://www.openwall.com/lists/oss-security/2015/01/29/6,wikiwiki,,,
CVE-2015-3346,75493,CWE-89,http://www.securityfocus.com/bid/71503,wikiwiki,,,
CVE-2015-3346,75493,CWE-89,https://www.drupal.org/node/2402905,wikiwiki,,,
CVE-2015-3346,75493,CWE-89,https://www.drupal.org/node/2403375,wikiwiki,,,
CVE-2018-18075,111854,CWE-89,https://seccops.com/wikidforum-2-20-multiple-sql-injection-vulnerabilities/,wikidforum,,,
CVE-2018-18075,111854,CWE-89,https://www.exploit-db.com/exploits/45564/,wikidforum,,,
