CVE-2003-1598,9371,CWE-89,http://osvdb.org/show/osvdb/4610,wordpress,,
CVE-2003-1598,9371,CWE-89,http://seclists.org/oss-sec/2012/q1/77,wordpress,,
CVE-2003-1598,9371,CWE-89,http://secunia.com/advisories/8954/,wordpress,,
CVE-2003-1598,9371,CWE-89,http://www.kernelpanik.org/docs/kernelpanik/wordpressadv.txt,wordpress,,
CVE-2003-1598,9371,CWE-89,http://www.securityfocus.com/bid/7784,wordpress,,
CVE-2003-1598,9371,CWE-89,https://exchange.xforce.ibmcloud.com/vulnerabilities/12204,wordpress,,
CVE-2007-1897,25807,CWE-89,http://secunia.com/advisories/24751,wordpress,,
CVE-2007-1897,25807,CWE-89,http://secunia.com/advisories/25108,wordpress,,
CVE-2007-1897,25807,CWE-89,http://trac.wordpress.org/ticket/4091,wordpress,,
CVE-2007-1897,25807,CWE-89,http://www.debian.org/security/2007/dsa-1285,wordpress,,
CVE-2007-1897,25807,CWE-89,http://www.notsosecure.com/folder2/2007/04/03/wordpress-212-xmlrpc-security-issues/,wordpress,,
CVE-2007-1897,25807,CWE-89,http://www.securityfocus.com/bid/23294,wordpress,,
CVE-2007-1897,25807,CWE-89,http://www.vupen.com/english/advisories/2007/1245,wordpress,,
CVE-2007-1897,25807,CWE-89,https://www.exploit-db.com/exploits/3656,wordpress,,
CVE-2007-4894,28731,CWE-89,http://fedoranews.org/updates/FEDORA-2007-214.shtml,wordpress,,
CVE-2007-4894,28731,CWE-89,http://secunia.com/advisories/26771,wordpress,,
CVE-2007-4894,28731,CWE-89,http://secunia.com/advisories/26796,wordpress,,
CVE-2007-4894,28731,CWE-89,http://trac.wordpress.org/ticket/4770,wordpress,,
CVE-2007-4894,28731,CWE-89,http://wordpress.org/development/2007/09/wordpress-223/,wordpress,,
CVE-2007-4894,28731,CWE-89,http://www.buayacorp.com/files/wordpress/wordpress-sql-injection-advisory.html,wordpress,,
CVE-2007-4894,28731,CWE-89,http://www.vupen.com/english/advisories/2007/3132,wordpress,,
CVE-2007-4894,28731,CWE-89,https://bugzilla.redhat.com/show_bug.cgi?id=285831,wordpress,,
CVE-2007-4894,28731,CWE-89,https://exchange.xforce.ibmcloud.com/vulnerabilities/36578,wordpress,,
CVE-2007-6318,30072,CWE-89,http://lists.grok.org.uk/pipermail/full-disclosure/2007-December/058999.html,wordpress,,
CVE-2007-6318,30072,CWE-89,http://secunia.com/advisories/28005,wordpress,,
CVE-2007-6318,30072,CWE-89,http://secunia.com/advisories/28310,wordpress,,
CVE-2007-6318,30072,CWE-89,http://securityreason.com/securityalert/3433,wordpress,,
CVE-2007-6318,30072,CWE-89,http://www.abelcheung.org/advisory/20071210-wordpress-charset.txt,wordpress,,
CVE-2007-6318,30072,CWE-89,http://www.securityfocus.com/archive/1/484828/100/0/threaded,wordpress,,
CVE-2007-6318,30072,CWE-89,http://www.securityfocus.com/bid/26795,wordpress,,
CVE-2007-6318,30072,CWE-89,http://www.securitytracker.com/id?1019071,wordpress,,
CVE-2007-6318,30072,CWE-89,http://www.vupen.com/english/advisories/2007/4172,wordpress,,
CVE-2007-6318,30072,CWE-89,https://exchange.xforce.ibmcloud.com/vulnerabilities/38959,wordpress,,
CVE-2007-6318,30072,CWE-89,https://www.redhat.com/archives/fedora-package-announce/2008-January/msg00079.html,wordpress,,
CVE-2007-6318,30072,CWE-89,https://www.redhat.com/archives/fedora-package-announce/2008-January/msg00098.html,wordpress,,
CVE-2008-0491,30977,CWE-89,http://www.securityfocus.com/bid/27464,wordpress,,
CVE-2008-0491,30977,CWE-89,http://www.vupen.com/english/advisories/2008/0349,wordpress,,
CVE-2008-0491,30977,CWE-89,https://exchange.xforce.ibmcloud.com/vulnerabilities/39964,wordpress,,
CVE-2008-0491,30977,CWE-89,https://www.exploit-db.com/exploits/4993,wordpress,,
CVE-2008-0616,31102,CWE-89,http://securityreason.com/securityalert/3615,wordpress,,
CVE-2008-0616,31102,CWE-89,http://www.securityfocus.com/archive/1/487437/100/0/threaded,wordpress,,
CVE-2008-0616,31102,CWE-89,https://exchange.xforce.ibmcloud.com/vulnerabilities/40196,wordpress,,
CVE-2008-0616,31102,CWE-89,https://www.exploit-db.com/exploits/5035,wordpress,,
CVE-2008-4625,35004,CWE-89,http://secunia.com/advisories/32336,wordpress,,
CVE-2008-4625,35004,CWE-89,http://securityreason.com/securityalert/4446,wordpress,,
CVE-2008-4625,35004,CWE-89,http://www.securityfocus.com/bid/31806,wordpress,,
CVE-2008-4625,35004,CWE-89,https://exchange.xforce.ibmcloud.com/vulnerabilities/45981,wordpress,,
CVE-2008-4625,35004,CWE-89,https://www.exploit-db.com/exploits/6777,wordpress,,
CVE-2009-2122,39708,CWE-89,http://secunia.com/advisories/35450,photoracer_plugin_for_wordpress,,
CVE-2009-2122,39708,CWE-89,http://www.securityfocus.com/bid/35382,photoracer_plugin_for_wordpress,,
CVE-2009-2122,39708,CWE-89,https://exchange.xforce.ibmcloud.com/vulnerabilities/51152,photoracer_plugin_for_wordpress,,
CVE-2009-2122,39708,CWE-89,https://www.exploit-db.com/exploits/8961,photoracer_plugin_for_wordpress,,
CVE-2010-4257,46657,CWE-89,http://blog.sjinks.pro/wordpress/858-information-disclosure-via-sql-injection-attack/,wordpress,,
CVE-2010-4257,46657,CWE-89,http://bugs.debian.org/cgi-bin/bugreport.cgi?bug=605603,wordpress,,
CVE-2010-4257,46657,CWE-89,http://codex.wordpress.org/Version_3.0.2,wordpress,,
CVE-2010-4257,46657,CWE-89,http://core.trac.wordpress.org/changeset/16625,wordpress,,
CVE-2010-4257,46657,CWE-89,http://lists.fedoraproject.org/pipermail/package-announce/2011-January/052879.html,wordpress,,
CVE-2010-4257,46657,CWE-89,http://lists.fedoraproject.org/pipermail/package-announce/2011-January/052892.html,wordpress,,
CVE-2010-4257,46657,CWE-89,http://lists.fedoraproject.org/pipermail/package-announce/2011-January/052917.html,wordpress,,
CVE-2010-4257,46657,CWE-89,http://lists.fedoraproject.org/pipermail/package-announce/2011-January/052932.html,wordpress,,
CVE-2010-4257,46657,CWE-89,http://secunia.com/advisories/42431,wordpress,,
CVE-2010-4257,46657,CWE-89,http://secunia.com/advisories/42753,wordpress,,
CVE-2010-4257,46657,CWE-89,http://secunia.com/advisories/42844,wordpress,,
CVE-2010-4257,46657,CWE-89,http://secunia.com/advisories/42871,wordpress,,
CVE-2010-4257,46657,CWE-89,http://wordpress.org/news/2010/11/wordpress-3-0-2/,wordpress,,
CVE-2010-4257,46657,CWE-89,http://www.debian.org/security/2010/dsa-2138,wordpress,,
CVE-2010-4257,46657,CWE-89,http://www.securityfocus.com/bid/45131,wordpress,,
CVE-2010-4257,46657,CWE-89,http://www.vupen.com/english/advisories/2010/3337,wordpress,,
CVE-2010-4257,46657,CWE-89,http://www.vupen.com/english/advisories/2011/0042,wordpress,,
CVE-2010-4257,46657,CWE-89,http://www.vupen.com/english/advisories/2011/0057,wordpress,,
CVE-2010-4257,46657,CWE-89,http://www.xakep.ru/magazine/xa/124/052/1.asp,wordpress,,
CVE-2010-4257,46657,CWE-89,https://bugzilla.redhat.com/show_bug.cgi?id=659265,wordpress,,
CVE-2011-3130,50441,CWE-89,http://secunia.com/advisories/49138,wordpress,,
CVE-2011-3130,50441,CWE-89,http://wordpress.org/news/2011/05/wordpress-3-1-3/,wordpress,,
CVE-2011-3130,50441,CWE-89,http://www.debian.org/security/2012/dsa-2470,wordpress,,
CVE-2011-3130,50441,CWE-89,http://www.securityfocus.com/bid/47995,wordpress,,
CVE-2011-3130,50441,CWE-89,https://exchange.xforce.ibmcloud.com/vulnerabilities/69169,wordpress,,
CVE-2011-4669,51713,CWE-89,http://plugins.trac.wordpress.org/changeset/448261/wordpress-users,wordpress\-users,,
CVE-2011-4669,51713,CWE-89,http://secunia.com/advisories/46442,wordpress\-users,,
CVE-2011-4669,51713,CWE-89,http://wordpress.org/extend/plugins/wordpress-users/,wordpress\-users,,
CVE-2011-4669,51713,CWE-89,http://www.securityfocus.com/bid/50174,wordpress\-users,,
CVE-2011-4669,51713,CWE-89,https://exchange.xforce.ibmcloud.com/vulnerabilities/70683,wordpress\-users,,
CVE-2011-5216,52206,CWE-89,http://plugins.trac.wordpress.org/changeset/435356/scormcloud,wordpress,,highly important!
CVE-2011-5216,52206,CWE-89,http://secunia.com/advisories/47198,wordpress,,
CVE-2011-5216,52206,CWE-89,http://wordpress.org/extend/plugins/scormcloud/changelog/,wordpress,,
CVE-2011-5216,52206,CWE-89,http://www.osvdb.org/77679,wordpress,,
CVE-2011-5216,52206,CWE-89,https://exchange.xforce.ibmcloud.com/vulnerabilities/71788,wordpress,,
CVE-2014-10013,64985,CWE-89,http://packetstormsecurity.com/files/129035/Another-WordPress-Classifieds-Cross-Site-Scripting-SQL-Injection.html,another_wordpress_classifieds_plugin,,
CVE-2014-10013,64985,CWE-89,http://www.exploit-db.com/exploits/35204,another_wordpress_classifieds_plugin,,
CVE-2014-10013,64985,CWE-89,https://exchange.xforce.ibmcloud.com/vulnerabilities/98589,another_wordpress_classifieds_plugin,,
CVE-2014-6242,69239,CWE-89,http://packetstormsecurity.com/files/128419/All-In-One-WP-Security-3.8.2-SQL-Injection.html,all_in_one_wordpress_security_and_firewall,,
CVE-2014-6242,69239,CWE-89,http://www.exploit-db.com/exploits/34781,all_in_one_wordpress_security_and_firewall,,
CVE-2014-6242,69239,CWE-89,http://www.securityfocus.com/archive/1/533519/100/0/threaded,all_in_one_wordpress_security_and_firewall,,
CVE-2014-6242,69239,CWE-89,http://www.securityfocus.com/bid/70150,all_in_one_wordpress_security_and_firewall,,
CVE-2014-6242,69239,CWE-89,https://exchange.xforce.ibmcloud.com/vulnerabilities/96204,all_in_one_wordpress_security_and_firewall,,
CVE-2014-6242,69239,CWE-89,https://wordpress.org/plugins/all-in-one-wp-security-and-firewall/changelog,all_in_one_wordpress_security_and_firewall,,
CVE-2014-6242,69239,CWE-89,https://www.htbridge.com/advisory/HTB23231,all_in_one_wordpress_security_and_firewall,,
CVE-2014-8363,71177,CWE-89,http://packetstormsecurity.com/files/127771/WordPress-WPSS-0.62-SQL-Injection.html,wordpress_spreadsheet,,
CVE-2014-8363,71177,CWE-89,http://www.securityfocus.com/bid/69089,wordpress_spreadsheet,,
CVE-2015-0894,73352,CWE-89,http://jvn.jp/en/jp/JVN30832515/index.html,all_in_one_wordpress_security_and_firewall,,
CVE-2015-0894,73352,CWE-89,http://jvndb.jvn.jp/jvndb/JVNDB-2015-000037,all_in_one_wordpress_security_and_firewall,,
CVE-2015-0894,73352,CWE-89,https://wordpress.org/plugins/all-in-one-wp-security-and-firewall/changelog/,all_in_one_wordpress_security_and_firewall,,
CVE-2015-2065,74373,CWE-89,http://packetstormsecurity.com/files/130371/WordPress-Video-Gallery-2.7-SQL-Injection.html,wordpress_video_gallery,,
CVE-2015-2065,74373,CWE-89,http://www.exploit-db.com/exploits/36058,wordpress_video_gallery,,
CVE-2015-2065,74373,CWE-89,http://www.osvdb.org/118419,wordpress_video_gallery,,
CVE-2015-2065,74373,CWE-89,http://www.securityfocus.com/bid/74882,wordpress_video_gallery,,
CVE-2015-2065,74373,CWE-89,https://wordpress.org/plugins/contus-video-gallery/changelog/,wordpress_video_gallery,,
CVE-2015-2090,74394,CWE-89,http://osvdb.org/show/osvdb/118218,wordpress_survey_and_poll,,
CVE-2015-2090,74394,CWE-89,http://packetstormsecurity.com/files/130381/WordPress-Survey-And-Poll-1.1.7-Blind-SQL-Injection.html,wordpress_survey_and_poll,,
CVE-2015-2090,74394,CWE-89,http://www.exploit-db.com/exploits/36054,wordpress_survey_and_poll,,
CVE-2015-2090,74394,CWE-89,http://www.securityfocus.com/bid/74890,wordpress_survey_and_poll,,
CVE-2015-2090,74394,CWE-89,https://wordpress.org/plugins/wp-survey-and-poll/changelog/,wordpress_survey_and_poll,,
CVE-2015-2213,74493,CWE-89,http://openwall.com/lists/oss-security/2015/08/04/7,wordpress,,
CVE-2015-2213,74493,CWE-89,http://www.debian.org/security/2015/dsa-3332,wordpress,,
CVE-2015-2213,74493,CWE-89,http://www.debian.org/security/2015/dsa-3383,wordpress,,
CVE-2015-2213,74493,CWE-89,http://www.securityfocus.com/bid/76160,wordpress,,
CVE-2015-2213,74493,CWE-89,http://www.securitytracker.com/id/1033178,wordpress,,
CVE-2015-2213,74493,CWE-89,https://codex.wordpress.org/Version_4.2.4,wordpress,,
CVE-2015-2213,74493,CWE-89,https://core.trac.wordpress.org/changeset/33555,wordpress,,
CVE-2015-2213,74493,CWE-89,https://core.trac.wordpress.org/changeset/33556,wordpress,,
CVE-2015-2213,74493,CWE-89,https://wordpress.org/news/2015/08/wordpress-4-2-4-security-and-maintenance-release/,wordpress,,
CVE-2015-2213,74493,CWE-89,https://wpvulndb.com/vulnerabilities/8126,wordpress,,
CVE-2015-2292,74545,CWE-89,http://packetstormsecurity.com/files/130811/WordPress-SEO-By-Yoast-1.7.3.3-SQL-Injection.html,wordpress_seo,,
CVE-2015-2292,74545,CWE-89,http://seclists.org/fulldisclosure/2015/Mar/73,wordpress_seo,,
CVE-2015-2292,74545,CWE-89,http://www.securitytracker.com/id/1031920,wordpress_seo,,
CVE-2015-2292,74545,CWE-89,https://wordpress.org/plugins/wordpress-seo/changelog/,wordpress_seo,,
CVE-2015-2292,74545,CWE-89,https://wpvulndb.com/vulnerabilities/7841,wordpress_seo,,
CVE-2015-2292,74545,CWE-89,https://www.exploit-db.com/exploits/36413/,wordpress_seo,,
CVE-2015-2292,74545,CWE-89,https://yoast.com/wordpress-seo-security-release/,wordpress_seo,,
CVE-2015-4018,75922,CWE-89,http://packetstormsecurity.com/files/131974/WordPress-FeedWordPress-2015.0426-SQL-Injection.html,feedwordpress,,
CVE-2015-4018,75922,CWE-89,http://seclists.org/fulldisclosure/2015/May/75,feedwordpress,,
CVE-2015-4018,75922,CWE-89,https://wordpress.org/plugins/feedwordpress/changelog/,feedwordpress,,
CVE-2015-4018,75922,CWE-89,https://www.exploit-db.com/exploits/37067/,feedwordpress,,
CVE-2017-14723,95358,CWE-89,http://www.securityfocus.com/bid/100912,wordpress,,
CVE-2017-14723,95358,CWE-89,http://www.securitytracker.com/id/1039553,wordpress,,
CVE-2017-14723,95358,CWE-89,https://core.trac.wordpress.org/changeset/41470,wordpress,,
CVE-2017-14723,95358,CWE-89,https://core.trac.wordpress.org/changeset/41496,wordpress,,
CVE-2017-14723,95358,CWE-89,https://github.com/WordPress/WordPress/commit/70b21279098fc973eae803693c0705a548128e48,wordpress,,
CVE-2017-14723,95358,CWE-89,https://github.com/WordPress/WordPress/commit/fc930d3daed1c3acef010d04acc2c5de93cd18ec,wordpress,,
CVE-2017-14723,95358,CWE-89,https://medium.com/websec/wordpress-sqli-bbb2afcc8e94,wordpress,,
CVE-2017-14723,95358,CWE-89,https://medium.com/websec/wordpress-sqli-poc-f1827c20bf8e,wordpress,,
CVE-2017-14723,95358,CWE-89,https://wordpress.org/news/2017/09/wordpress-4-8-2-security-and-maintenance-release/,wordpress,,
CVE-2017-14723,95358,CWE-89,https://www.debian.org/security/2017/dsa-3997,wordpress,,
CVE-2017-16510,96838,CWE-89,http://www.securityfocus.com/bid/101638,wordpress,,
CVE-2017-16510,96838,CWE-89,https://blog.ircmaxell.com/2017/10/disclosure-wordpress-wpdb-sql-injection-technical.html,wordpress,,
CVE-2017-16510,96838,CWE-89,https://codex.wordpress.org/Version_4.8.3,wordpress,,
CVE-2017-16510,96838,CWE-89,https://github.com/WordPress/WordPress/commit/a2693fd8602e3263b5925b9d799ddd577202167d,wordpress,,
CVE-2017-16510,96838,CWE-89,https://lists.debian.org/debian-lts-announce/2017/11/msg00003.html,wordpress,,
CVE-2017-16510,96838,CWE-89,https://wordpress.org/news/2017/10/wordpress-4-8-3-security-release/,wordpress,,
CVE-2017-16510,96838,CWE-89,https://wpvulndb.com/vulnerabilities/8941,wordpress,,
CVE-2017-16510,96838,CWE-89,https://www.debian.org/security/2018/dsa-4090,wordpress,,
CVE-2017-5611,101734,CWE-89,http://www.debian.org/security/2017/dsa-3779,wordpress,,
CVE-2017-5611,101734,CWE-89,http://www.openwall.com/lists/oss-security/2017/01/28/5,wordpress,,
CVE-2017-5611,101734,CWE-89,http://www.securityfocus.com/bid/95816,wordpress,,
CVE-2017-5611,101734,CWE-89,http://www.securitytracker.com/id/1037731,wordpress,,
CVE-2017-5611,101734,CWE-89,https://codex.wordpress.org/Version_4.7.2,wordpress,,
CVE-2017-5611,101734,CWE-89,https://github.com/WordPress/WordPress/commit/85384297a60900004e27e417eac56d24267054cb,wordpress,,
CVE-2017-5611,101734,CWE-89,https://wordpress.org/news/2017/01/wordpress-4-7-2-security-release/,wordpress,,
CVE-2017-5611,101734,CWE-89,https://wpvulndb.com/vulnerabilities/8730,wordpress,,
